{
  "states": [
    {
      "code": "0",
      "token": "AC",
      "text": "Acre",
      "translatedtext": "Acre"
    },
    {
      "code": "0",
      "token": "AL",
      "text": "Alagoas",
      "translatedtext": "Alagoas"
    },
    {
      "code": "0",
      "token": "AP",
      "text": "Amapá",
      "translatedtext": "Amapá"
    },
    {
      "code": "0",
      "token": "AM",
      "text": "Amazonas",
      "translatedtext": "Amazonas"
    },
    {
      "code": "0",
      "token": "BA",
      "text": "Bahia",
      "translatedtext": "Bahia"
    },
    {
      "code": "0",
      "token": "CE",
      "text": "Ceará",
      "translatedtext": "Ceará"
    },
    {
      "code": "0",
      "token": "DF",
      "text": "Distrito Federal",
      "translatedtext": "Distrito Federal"
    },
    {
      "code": "0",
      "token": "ES",
      "text": "Espírito Santo",
      "translatedtext": "Espírito Santo"
    },
    {
      "code": "0",
      "token": "GO",
      "text": "Goiás",
      "translatedtext": "Goiás"
    },
    {
      "code": "0",
      "token": "MA",
      "text": "Maranhão",
      "translatedtext": "Maranhão"
    },
    {
      "code": "0",
      "token": "MT",
      "text": "Mato Grosso",
      "translatedtext": "Mato Grosso"
    },
    {
      "code": "0",
      "token": "MS",
      "text": "Mato Grosso do Sul",
      "translatedtext": "Mato Grosso do Sul"
    },
    {
      "code": "0",
      "token": "MG",
      "text": "Minas Gerais",
      "translatedtext": "Minas Gerais"
    },
    {
      "code": "0",
      "token": "PA",
      "text": "Pará",
      "translatedtext": "Pará"
    },
    {
      "code": "0",
      "token": "PB",
      "text": "Paraíba",
      "translatedtext": "Paraíba"
    },
    {
      "code": "0",
      "token": "PR",
      "text": "Paraná",
      "translatedtext": "Paraná"
    },
    {
      "code": "0",
      "token": "PE",
      "text": "Pernambuco",
      "translatedtext": "Pernambuco"
    },
    {
      "code": "0",
      "token": "PI",
      "text": "Piauí",
      "translatedtext": "Piauí"
    },
    {
      "code": "0",
      "token": "RJ",
      "text": "Rio de Janeiro",
      "translatedtext": "Rio de Janeiro"
    },
    {
      "code": "0",
      "token": "RN",
      "text": "Rio Grande do Norte",
      "translatedtext": "Rio Grande do Norte"
    },
    {
      "code": "0",
      "token": "RS",
      "text": "Rio Grande do Sul",
      "translatedtext": "Rio Grande do Sul"
    },
    {
      "code": "0",
      "token": "RO",
      "text": "Rondônia",
      "translatedtext": "Rondônia"
    },
    {
      "code": "0",
      "token": "RR",
      "text": "Roraima",
      "translatedtext": "Roraima"
    },
    {
      "code": "0",
      "token": "SC",
      "text": "Santa Catarina",
      "translatedtext": "Santa Catarina"
    },
    {
      "code": "0",
      "token": "SP",
      "text": "São Paulo",
      "translatedtext": "São Paulo"
    },
    {
      "code": "0",
      "token": "SE",
      "text": "Sergipe",
      "translatedtext": "Sergipe"
    },
    {
      "code": "0",
      "token": "TO",
      "text": "Tocantins",
      "translatedtext": "Tocantins"
    }
  ],
  "countries": [
    {
      "code": "1",
      "token": "US",
      "text": "United States",
      "translatedtext": "Estados Unidos"
    },
    {
      "code": "225",
      "token": "AP",
      "text": "APO/FPO/DPO",
      "translatedtext": "APO/FPO/DPO"
    },
    {
      "code": "2",
      "token": "CA",
      "text": "Canada",
      "translatedtext": "Canadá"
    },
    {
      "code": "3",
      "token": "GB",
      "text": "United Kingdom",
      "translatedtext": "Reino Unido"
    },
    {
      "code": "4",
      "token": "AF",
      "text": "Afghanistan",
      "translatedtext": "Afeganistão"
    },
    {
      "code": "5",
      "token": "AL",
      "text": "Albania",
      "translatedtext": "Albânia"
    },
    {
      "code": "6",
      "token": "DZ",
      "text": "Algeria",
      "translatedtext": "Argélia"
    },
    {
      "code": "7",
      "token": "AS",
      "text": "American Samoa",
      "translatedtext": "Samoa Americana"
    },
    {
      "code": "8",
      "token": "AD",
      "text": "Andorra",
      "translatedtext": "Andorra"
    },
    {
      "code": "9",
      "token": "AO",
      "text": "Angola",
      "translatedtext": "Angola"
    },
    {
      "code": "10",
      "token": "AI",
      "text": "Anguilla",
      "translatedtext": "Anguila"
    },
    {
      "code": "11",
      "token": "AG",
      "text": "Antigua and Barbuda",
      "translatedtext": "Antígua e Barbuda"
    },
    {
      "code": "12",
      "token": "AR",
      "text": "Argentina",
      "translatedtext": "Argentina"
    },
    {
      "code": "13",
      "token": "AM",
      "text": "Armenia",
      "translatedtext": "Armênia"
    },
    {
      "code": "14",
      "token": "AW",
      "text": "Aruba",
      "translatedtext": "Aruba"
    },
    {
      "code": "15",
      "token": "AU",
      "text": "Australia",
      "translatedtext": "Austrália"
    },
    {
      "code": "16",
      "token": "AT",
      "text": "Austria",
      "translatedtext": "Áustria"
    },
    {
      "code": "17",
      "token": "AZ",
      "text": "Azerbaijan Republic",
      "translatedtext": "República do Azerbaijão"
    },
    {
      "code": "18",
      "token": "BS",
      "text": "Bahamas",
      "translatedtext": "Bahamas"
    },
    {
      "code": "19",
      "token": "BH",
      "text": "Bahrain",
      "translatedtext": "Bahrain"
    },
    {
      "code": "20",
      "token": "BD",
      "text": "Bangladesh",
      "translatedtext": "Bangladesh"
    },
    {
      "code": "21",
      "token": "BB",
      "text": "Barbados",
      "translatedtext": "Barbados"
    },
    {
      "code": "22",
      "token": "BY",
      "text": "Belarus",
      "translatedtext": "Belarus"
    },
    {
      "code": "23",
      "token": "BE",
      "text": "Belgium",
      "translatedtext": "Bélgica"
    },
    {
      "code": "24",
      "token": "BZ",
      "text": "Belize",
      "translatedtext": "Belize"
    },
    {
      "code": "25",
      "token": "BJ",
      "text": "Benin",
      "translatedtext": "Benin"
    },
    {
      "code": "26",
      "token": "BM",
      "text": "Bermuda",
      "translatedtext": "Bermuda"
    },
    {
      "code": "27",
      "token": "BT",
      "text": "Bhutan",
      "translatedtext": "Butão"
    },
    {
      "code": "28",
      "token": "BO",
      "text": "Bolivia",
      "translatedtext": "Bolívia"
    },
    {
      "code": "29",
      "token": "BA",
      "text": "Bosnia and Herzegovina",
      "translatedtext": "Bósnia-Herzegovina"
    },
    {
      "code": "30",
      "token": "BW",
      "text": "Botswana",
      "translatedtext": "Botsuana"
    },
    {
      "code": "31",
      "token": "BR",
      "text": "Brazil",
      "translatedtext": "Brasil"
    },
    {
      "code": "32",
      "token": "IO",
      "text": "British Virgin Islands",
      "translatedtext": "Ilhas Virgens Britânicas"
    },
    {
      "code": "33",
      "token": "BN",
      "text": "Brunei Darussalam",
      "translatedtext": "Brunei Darussalam"
    },
    {
      "code": "34",
      "token": "BG",
      "text": "Bulgaria",
      "translatedtext": "Bulgária"
    },
    {
      "code": "35",
      "token": "BF",
      "text": "Burkina Faso",
      "translatedtext": "Burkina Faso"
    },
    {
      "code": "37",
      "token": "BI",
      "text": "Burundi",
      "translatedtext": "Burundi"
    },
    {
      "code": "38",
      "token": "KH",
      "text": "Cambodia",
      "translatedtext": "Camboja"
    },
    {
      "code": "39",
      "token": "CM",
      "text": "Cameroon",
      "translatedtext": "Camarões"
    },
    {
      "code": "2",
      "token": "CA",
      "text": "Canada",
      "translatedtext": "Canadá"
    },
    {
      "code": "40",
      "token": "CV",
      "text": "Cape Verde Islands",
      "translatedtext": "lhas do Cabo Verde"
    },
    {
      "code": "41",
      "token": "KY",
      "text": "Cayman Islands",
      "translatedtext": "Ilhas Cayman"
    },
    {
      "code": "42",
      "token": "CF",
      "text": "Central African Republic",
      "translatedtext": "República Centro-Africana"
    },
    {
      "code": "43",
      "token": "TD",
      "text": "Chad",
      "translatedtext": "Chade"
    },
    {
      "code": "44",
      "token": "CL",
      "text": "Chile",
      "translatedtext": "Chile"
    },
    {
      "code": "45",
      "token": "CN",
      "text": "China Mainland",
      "translatedtext": "China Continental"
    },
    {
      "code": "46",
      "token": "CO",
      "text": "Colombia",
      "translatedtext": "Colômbia"
    },
    {
      "code": "47",
      "token": "KM",
      "text": "Comoros",
      "translatedtext": "Comores"
    },
    {
      "code": "48",
      "token": "CD",
      "text": "Congo, Democratic Republic of the",
      "translatedtext": "Congo, República Democrática do"
    },
    {
      "code": "49",
      "token": "CG",
      "text": "Congo, Republic of the",
      "translatedtext": "Congo, República do"
    },
    {
      "code": "50",
      "token": "CK",
      "text": "Cook Islands",
      "translatedtext": "Ilhas Cook"
    },
    {
      "code": "51",
      "token": "CR",
      "text": "Costa Rica",
      "translatedtext": "Costa Rica"
    },
    {
      "code": "52",
      "token": "CI",
      "text": "Cote d Ivoire (Ivory Coast)",
      "translatedtext": "Costa do Marfim"
    },
    {
      "code": "53",
      "token": "HR",
      "text": "Croatia, Republic of",
      "translatedtext": "Croácia"
    },
    {
      "code": "4007",
      "token": "CW",
      "text": "Curacao",
      "translatedtext": "Curaçao"
    },
    {
      "code": "55",
      "token": "CY",
      "text": "Cyprus",
      "translatedtext": "Chipre"
    },
    {
      "code": "56",
      "token": "CZ",
      "text": "Czech Republic",
      "translatedtext": "República Tcheca"
    },
    {
      "code": "57",
      "token": "DK",
      "text": "Denmark",
      "translatedtext": "Dinamarca"
    },
    {
      "code": "58",
      "token": "DJ",
      "text": "Djibouti",
      "translatedtext": "Djibouti"
    },
    {
      "code": "59",
      "token": "DM",
      "text": "Dominica",
      "translatedtext": "Dominica"
    },
    {
      "code": "60",
      "token": "DO",
      "text": "Dominican Republic",
      "translatedtext": "República Dominicana"
    },
    {
      "code": "61",
      "token": "EC",
      "text": "Ecuador",
      "translatedtext": "Equador"
    },
    {
      "code": "62",
      "token": "EG",
      "text": "Egypt",
      "translatedtext": "Egito"
    },
    {
      "code": "63",
      "token": "SV",
      "text": "El Salvador",
      "translatedtext": "El Salvador"
    },
    {
      "code": "64",
      "token": "GQ",
      "text": "Equatorial Guinea",
      "translatedtext": "Guiné Equatorial"
    },
    {
      "code": "65",
      "token": "ER",
      "text": "Eritrea",
      "translatedtext": "Eritreia"
    },
    {
      "code": "66",
      "token": "EE",
      "text": "Estonia",
      "translatedtext": "Estônia"
    },
    {
      "code": "67",
      "token": "ET",
      "text": "Ethiopia",
      "translatedtext": "Etiópia"
    },
    {
      "code": "68",
      "token": "FK",
      "text": "Falkland Islands (Islas Malvinas)",
      "translatedtext": "Ilhas Falkland (Malvinas)"
    },
    {
      "code": "69",
      "token": "FJ",
      "text": "Fiji",
      "translatedtext": "Fiji"
    },
    {
      "code": "70",
      "token": "FI",
      "text": "Finland",
      "translatedtext": "Finlândia"
    },
    {
      "code": "71",
      "token": "FR",
      "text": "France",
      "translatedtext": "França"
    },
    {
      "code": "72",
      "token": "GF",
      "text": "French Guiana",
      "translatedtext": "Guiana Francesa"
    },
    {
      "code": "73",
      "token": "FP",
      "text": "French Polynesia",
      "translatedtext": "Polinésia Francesa"
    },
    {
      "code": "74",
      "token": "GA",
      "text": "Gabon Republic",
      "translatedtext": "República do Gabão"
    },
    {
      "code": "75",
      "token": "GM",
      "text": "Gambia",
      "translatedtext": "Gâmbia"
    },
    {
      "code": "76",
      "token": "GE",
      "text": "Georgia",
      "translatedtext": "Geórgia"
    },
    {
      "code": "77",
      "token": "DE",
      "text": "Germany",
      "translatedtext": "Alemanha"
    },
    {
      "code": "78",
      "token": "GH",
      "text": "Ghana",
      "translatedtext": "Gana"
    },
    {
      "code": "79",
      "token": "GI",
      "text": "Gibraltar",
      "translatedtext": "Gibraltar"
    },
    {
      "code": "80",
      "token": "GR",
      "text": "Greece",
      "translatedtext": "Grécia"
    },
    {
      "code": "81",
      "token": "GL",
      "text": "Greenland",
      "translatedtext": "Groenlândia"
    },
    {
      "code": "82",
      "token": "GD",
      "text": "Grenada",
      "translatedtext": "Granada"
    },
    {
      "code": "83",
      "token": "GP",
      "text": "Guadeloupe",
      "translatedtext": "Guadalupe"
    },
    {
      "code": "84",
      "token": "GU",
      "text": "Guam",
      "translatedtext": "Guam"
    },
    {
      "code": "85",
      "token": "GT",
      "text": "Guatemala",
      "translatedtext": "Guatemala"
    },
    {
      "code": "86",
      "token": "GG",
      "text": "Guernsey",
      "translatedtext": "Guernsey"
    },
    {
      "code": "87",
      "token": "GN",
      "text": "Guinea",
      "translatedtext": "Guiné"
    },
    {
      "code": "88",
      "token": "GW",
      "text": "Guinea-Bissau",
      "translatedtext": "Guiné Bissau"
    },
    {
      "code": "89",
      "token": "GY",
      "text": "Guyana",
      "translatedtext": "Guiana"
    },
    {
      "code": "90",
      "token": "HT",
      "text": "Haiti",
      "translatedtext": "Haiti"
    },
    {
      "code": "91",
      "token": "HN",
      "text": "Honduras",
      "translatedtext": "Honduras"
    },
    {
      "code": "92",
      "token": "HK",
      "text": "Hong Kong",
      "translatedtext": "Hong Kong"
    },
    {
      "code": "93",
      "token": "HU",
      "text": "Hungary",
      "translatedtext": "Hungria"
    },
    {
      "code": "94",
      "token": "IS",
      "text": "Iceland",
      "translatedtext": "Islândia"
    },
    {
      "code": "95",
      "token": "IN",
      "text": "India",
      "translatedtext": "Índia"
    },
    {
      "code": "96",
      "token": "ID",
      "text": "Indonesia",
      "translatedtext": "Indonésia"
    },
    {
      "code": "99",
      "token": "IE",
      "text": "Ireland",
      "translatedtext": "Irlanda"
    },
    {
      "code": "100",
      "token": "IL",
      "text": "Israel",
      "translatedtext": "Israel"
    },
    {
      "code": "101",
      "token": "IT",
      "text": "Italy",
      "translatedtext": "Itália"
    },
    {
      "code": "102",
      "token": "JM",
      "text": "Jamaica",
      "translatedtext": "Jamaica"
    },
    {
      "code": "103",
      "token": "JN",
      "text": "Jan Mayen",
      "translatedtext": "Jan Mayen"
    },
    {
      "code": "104",
      "token": "JP",
      "text": "Japan",
      "translatedtext": "Japão"
    },
    {
      "code": "105",
      "token": "JE",
      "text": "Jersey",
      "translatedtext": "Jersey"
    },
    {
      "code": "106",
      "token": "JO",
      "text": "Jordan",
      "translatedtext": "Jordânia"
    },
    {
      "code": "107",
      "token": "KZ",
      "text": "Kazakhstan",
      "translatedtext": "Cazaquistão"
    },
    {
      "code": "108",
      "token": "KE",
      "text": "Kenya",
      "translatedtext": "Quênia"
    },
    {
      "code": "109",
      "token": "KI",
      "text": "Kiribati",
      "translatedtext": "Kiribati"
    },
    {
      "code": "111",
      "token": "KR",
      "text": "Korea, South",
      "translatedtext": "Coreia do Sul"
    },
    {
      "code": "112",
      "token": "KW",
      "text": "Kuwait",
      "translatedtext": "Kuwait"
    },
    {
      "code": "113",
      "token": "KG",
      "text": "Kyrgyzstan",
      "translatedtext": "Quirguistão"
    },
    {
      "code": "114",
      "token": "LA",
      "text": "Laos",
      "translatedtext": "Laos"
    },
    {
      "code": "115",
      "token": "LV",
      "text": "Latvia",
      "translatedtext": "Letônia"
    },
    {
      "code": "116",
      "token": "LB",
      "text": "Lebanon",
      "translatedtext": "Líbano"
    },
    {
      "code": "120",
      "token": "LI",
      "text": "Liechtenstein",
      "translatedtext": "Liechtenstein"
    },
    {
      "code": "121",
      "token": "LT",
      "text": "Lithuania",
      "translatedtext": "Lituânia"
    },
    {
      "code": "122",
      "token": "LU",
      "text": "Luxembourg",
      "translatedtext": "Luxemburgo"
    },
    {
      "code": "123",
      "token": "MO",
      "text": "Macau",
      "translatedtext": "Macau"
    },
    {
      "code": "124",
      "token": "MK",
      "text": "Macedonia",
      "translatedtext": "Macedônia"
    },
    {
      "code": "125",
      "token": "MG",
      "text": "Madagascar",
      "translatedtext": "Madagascar"
    },
    {
      "code": "126",
      "token": "MW",
      "text": "Malawi",
      "translatedtext": "Malauí"
    },
    {
      "code": "127",
      "token": "MY",
      "text": "Malaysia",
      "translatedtext": "Malásia"
    },
    {
      "code": "128",
      "token": "MV",
      "text": "Maldives",
      "translatedtext": "Maldivas"
    },
    {
      "code": "129",
      "token": "ML",
      "text": "Mali",
      "translatedtext": "Mali"
    },
    {
      "code": "130",
      "token": "MT",
      "text": "Malta",
      "translatedtext": "Malta"
    },
    {
      "code": "131",
      "token": "MH",
      "text": "Marshall Islands",
      "translatedtext": "Ilhas Marshall"
    },
    {
      "code": "132",
      "token": "MQ",
      "text": "Martinique",
      "translatedtext": "Martinica"
    },
    {
      "code": "133",
      "token": "MR",
      "text": "Mauritania",
      "translatedtext": "Mauritânia"
    },
    {
      "code": "134",
      "token": "MU",
      "text": "Mauritius",
      "translatedtext": "Maurício"
    },
    {
      "code": "135",
      "token": "YT",
      "text": "Mayotte",
      "translatedtext": "Mayotte"
    },
    {
      "code": "136",
      "token": "MX",
      "text": "Mexico",
      "translatedtext": "México"
    },
    {
      "code": "226",
      "token": "FM",
      "text": "Micronesia",
      "translatedtext": "Micronésia"
    },
    {
      "code": "137",
      "token": "MD",
      "text": "Moldova",
      "translatedtext": "Moldova"
    },
    {
      "code": "138",
      "token": "MC",
      "text": "Monaco",
      "translatedtext": "Mônaco"
    },
    {
      "code": "139",
      "token": "MN",
      "text": "Mongolia",
      "translatedtext": "Mongólia"
    },
    {
      "code": "228",
      "token": "ME",
      "text": "Montenegro",
      "translatedtext": "Montenegro"
    },
    {
      "code": "140",
      "token": "MS",
      "text": "Montserrat",
      "translatedtext": "Montserrat"
    },
    {
      "code": "141",
      "token": "MA",
      "text": "Morocco",
      "translatedtext": "Marrocos"
    },
    {
      "code": "142",
      "token": "MZ",
      "text": "Mozambique",
      "translatedtext": "Moçambique"
    },
    {
      "code": "143",
      "token": "NA",
      "text": "Namibia",
      "translatedtext": "Namíbia"
    },
    {
      "code": "144",
      "token": "NR",
      "text": "Nauru",
      "translatedtext": "Nauru"
    },
    {
      "code": "145",
      "token": "NP",
      "text": "Nepal",
      "translatedtext": "Nepal"
    },
    {
      "code": "146",
      "token": "NL",
      "text": "Netherlands",
      "translatedtext": "Países Baixos"
    },
    {
      "code": "147",
      "token": "AN",
      "text": "Netherlands Antilles",
      "translatedtext": "Antilhas Holandesas"
    },
    {
      "code": "148",
      "token": "NC",
      "text": "New Caledonia",
      "translatedtext": "Nova Caledônia"
    },
    {
      "code": "149",
      "token": "NZ",
      "text": "New Zealand",
      "translatedtext": "Nova Zelândia"
    },
    {
      "code": "150",
      "token": "NI",
      "text": "Nicaragua",
      "translatedtext": "Nicarágua"
    },
    {
      "code": "151",
      "token": "NE",
      "text": "Niger",
      "translatedtext": "Níger"
    },
    {
      "code": "152",
      "token": "NG",
      "text": "Nigeria",
      "translatedtext": "Nigéria"
    },
    {
      "code": "153",
      "token": "NU",
      "text": "Niue",
      "translatedtext": "Niue"
    },
    {
      "code": "154",
      "token": "NO",
      "text": "Norway",
      "translatedtext": "Noruega"
    },
    {
      "code": "155",
      "token": "OM",
      "text": "Oman",
      "translatedtext": "Omã"
    },
    {
      "code": "156",
      "token": "PK",
      "text": "Pakistan",
      "translatedtext": "Paquistão"
    },
    {
      "code": "157",
      "token": "PW",
      "text": "Palau",
      "translatedtext": "Palau"
    },
    {
      "code": "158",
      "token": "PA",
      "text": "Panama",
      "translatedtext": "Panamá"
    },
    {
      "code": "159",
      "token": "PG",
      "text": "Papua New Guinea",
      "translatedtext": "Papua Nova Guiné"
    },
    {
      "code": "160",
      "token": "PY",
      "text": "Paraguay",
      "translatedtext": "Paraguai"
    },
    {
      "code": "161",
      "token": "PE",
      "text": "Peru",
      "translatedtext": "Peru"
    },
    {
      "code": "162",
      "token": "PH",
      "text": "Philippines",
      "translatedtext": "Filipinas"
    },
    {
      "code": "163",
      "token": "PL",
      "text": "Poland",
      "translatedtext": "Polônia"
    },
    {
      "code": "164",
      "token": "PT",
      "text": "Portugal",
      "translatedtext": "Portugal"
    },
    {
      "code": "165",
      "token": "PR",
      "text": "Puerto Rico",
      "translatedtext": "Porto Rico"
    },
    {
      "code": "166",
      "token": "QA",
      "text": "Qatar",
      "translatedtext": "Qatar"
    },
    {
      "code": "227",
      "token": "RE",
      "text": "Reunion",
      "translatedtext": "Ilhas Reunião"
    },
    {
      "code": "167",
      "token": "RO",
      "text": "Romania",
      "translatedtext": "Romênia"
    },
    {
      "code": "168",
      "token": "RU",
      "text": "Russian Federation",
      "translatedtext": "Federação Russa"
    },
    {
      "code": "169",
      "token": "RW",
      "text": "Rwanda",
      "translatedtext": "Ruanda"
    },
    {
      "code": "170",
      "token": "SH",
      "text": "Saint Helena",
      "translatedtext": "Santa Helena"
    },
    {
      "code": "171",
      "token": "KN",
      "text": "Saint Kitts-Nevis",
      "translatedtext": "São Cristóvão e Névis"
    },
    {
      "code": "172",
      "token": "LC",
      "text": "Saint Lucia",
      "translatedtext": "Santa Lúcia"
    },
    {
      "code": "173",
      "token": "PM",
      "text": "Saint Pierre and Miquelon",
      "translatedtext": "São Pedro e Miquelon"
    },
    {
      "code": "174",
      "token": "VC",
      "text": "Saint Vincent and the Grenadines",
      "translatedtext": "São Vicente e Granadinas"
    },
    {
      "code": "175",
      "token": "SM",
      "text": "San Marino",
      "translatedtext": "San Marino"
    },
    {
      "code": "176",
      "token": "SA",
      "text": "Saudi Arabia",
      "translatedtext": "Arábia Saudita"
    },
    {
      "code": "177",
      "token": "SN",
      "text": "Senegal",
      "translatedtext": "Senegal"
    },
    {
      "code": "229",
      "token": "RS",
      "text": "Serbia",
      "translatedtext": "Sérvia"
    },
    {
      "code": "178",
      "token": "SC",
      "text": "Seychelles",
      "translatedtext": "Seychelles"
    },
    {
      "code": "179",
      "token": "SL",
      "text": "Sierra Leone",
      "translatedtext": "Serra Leoa"
    },
    {
      "code": "180",
      "token": "SG",
      "text": "Singapore",
      "translatedtext": "Cingapura"
    },
    {
      "code": "181",
      "token": "SK",
      "text": "Slovakia",
      "translatedtext": "Eslováquia"
    },
    {
      "code": "182",
      "token": "SI",
      "text": "Slovenia",
      "translatedtext": "Eslovênia"
    },
    {
      "code": "183",
      "token": "SB",
      "text": "Solomon Islands",
      "translatedtext": "Ilhas Salomão"
    },
    {
      "code": "184",
      "token": "SO",
      "text": "Somalia",
      "translatedtext": "Somália"
    },
    {
      "code": "185",
      "token": "ZA",
      "text": "South Africa",
      "translatedtext": "África do Sul"
    },
    {
      "code": "186",
      "token": "ES",
      "text": "Spain",
      "translatedtext": "Espanha"
    },
    {
      "code": "187",
      "token": "LK",
      "text": "Sri Lanka",
      "translatedtext": "Sri Lanka"
    },
    {
      "code": "189",
      "token": "SR",
      "text": "Suriname",
      "translatedtext": "Suriname"
    },
    {
      "code": "190",
      "token": "SJ",
      "text": "Svalbard",
      "translatedtext": "Svalbard"
    },
    {
      "code": "191",
      "token": "SZ",
      "text": "Swaziland",
      "translatedtext": "Suazilândia"
    },
    {
      "code": "192",
      "token": "SE",
      "text": "Sweden",
      "translatedtext": "Suécia"
    },
    {
      "code": "193",
      "token": "CH",
      "text": "Switzerland",
      "translatedtext": "Suíça"
    },
    {
      "code": "195",
      "token": "TA",
      "text": "Tahiti",
      "translatedtext": "Taiti"
    },
    {
      "code": "196",
      "token": "TW",
      "text": "Taiwan",
      "translatedtext": "Taiwan"
    },
    {
      "code": "197",
      "token": "TJ",
      "text": "Tajikistan",
      "translatedtext": "Tajiquistão"
    },
    {
      "code": "198",
      "token": "TZ",
      "text": "Tanzania",
      "translatedtext": "Tanzânia"
    },
    {
      "code": "199",
      "token": "TH",
      "text": "Thailand",
      "translatedtext": "Tailândia"
    },
    {
      "code": "200",
      "token": "TG",
      "text": "Togo",
      "translatedtext": "Togo"
    },
    {
      "code": "201",
      "token": "TO",
      "text": "Tonga",
      "translatedtext": "Tonga"
    },
    {
      "code": "202",
      "token": "TT",
      "text": "Trinidad and Tobago",
      "translatedtext": "Trinidad e Tobago"
    },
    {
      "code": "203",
      "token": "TN",
      "text": "Tunisia",
      "translatedtext": "Tunísia"
    },
    {
      "code": "204",
      "token": "TR",
      "text": "Turkey",
      "translatedtext": "Turquia"
    },
    {
      "code": "205",
      "token": "TM",
      "text": "Turkmenistan",
      "translatedtext": "Turcomenistão"
    },
    {
      "code": "206",
      "token": "TC",
      "text": "Turks and Caicos Islands",
      "translatedtext": "Ilhas Turks e Caicos"
    },
    {
      "code": "207",
      "token": "TV",
      "text": "Tuvalu",
      "translatedtext": "Tuvalu"
    },
    {
      "code": "208",
      "token": "UG",
      "text": "Uganda",
      "translatedtext": "Uganda"
    },
    {
      "code": "209",
      "token": "UA",
      "text": "Ukraine",
      "translatedtext": "Ucrânia"
    },
    {
      "code": "210",
      "token": "AE",
      "text": "United Arab Emirates",
      "translatedtext": "Emirados Árabes Unidos"
    },
    {
      "code": "3",
      "token": "GB",
      "text": "United Kingdom",
      "translatedtext": "Reino Unido"
    },
    {
      "code": "1",
      "token": "US",
      "text": "United States",
      "translatedtext": "Estados Unidos"
    },
    {
      "code": "211",
      "token": "UY",
      "text": "Uruguay",
      "translatedtext": "Uruguai"
    },
    {
      "code": "212",
      "token": "UZ",
      "text": "Uzbekistan",
      "translatedtext": "Uzbequistão"
    },
    {
      "code": "213",
      "token": "VU",
      "text": "Vanuatu",
      "translatedtext": "Vanuatu"
    },
    {
      "code": "214",
      "token": "VA",
      "text": "Vatican City State",
      "translatedtext": "Vatican City State"
    },
    {
      "code": "215",
      "token": "VE",
      "text": "Venezuela",
      "translatedtext": "Venezuela"
    },
    {
      "code": "216",
      "token": "VN",
      "text": "Vietnam",
      "translatedtext": "Vietnã"
    },
    {
      "code": "217",
      "token": "VI",
      "text": "Virgin Islands (U.S.)",
      "translatedtext": "Ilhas Virgens Americanas"
    },
    {
      "code": "218",
      "token": "WF",
      "text": "Wallis and Futuna",
      "translatedtext": "Wallis e Futuna"
    },
    {
      "code": "219",
      "token": "EH",
      "text": "Western Sahara",
      "translatedtext": "Saara Ocidental"
    },
    {
      "code": "220",
      "token": "WS",
      "text": "Western Samoa",
      "translatedtext": "Samoa Ocidental"
    },
    {
      "code": "221",
      "token": "YE",
      "text": "Yemen",
      "translatedtext": "Iêmen"
    },
    {
      "code": "223",
      "token": "ZM",
      "text": "Zambia",
      "translatedtext": "Zâmbia"
    },
    {
      "code": "224",
      "token": "ZW",
      "text": "Zimbabwe",
      "translatedtext": "Zimbábue"
    }
  ],
  "nationalities": [
    {
      "code": "1",
      "text": "United States",
      "translatedtext": "Estados Unidos",
      "token": "US"
    },
    {
      "code": "2",
      "text": "Canada",
      "translatedtext": "Canadá",
      "token": "CA"
    },
    {
      "code": "3",
      "text": "United Kingdom",
      "translatedtext": "Reino Unido",
      "token": "GB"
    },
    {
      "code": "4",
      "text": "Afghanistan",
      "translatedtext": "Afeganistão",
      "token": "AF"
    },
    {
      "code": "5",
      "text": "Albania",
      "translatedtext": "Albânia",
      "token": "AL"
    },
    {
      "code": "6",
      "text": "Algeria",
      "translatedtext": "Argélia",
      "token": "DZ"
    },
    {
      "code": "7",
      "text": "American Samoa",
      "translatedtext": "Samoa Americana",
      "token": "AS"
    },
    {
      "code": "8",
      "text": "Andorra",
      "translatedtext": "Andorra",
      "token": "AD"
    },
    {
      "code": "9",
      "text": "Angola",
      "translatedtext": "Angola",
      "token": "AO"
    },
    {
      "code": "10",
      "text": "Anguilla",
      "translatedtext": "Anguila",
      "token": "AI"
    },
    {
      "code": "11",
      "text": "Antigua and Barbuda",
      "translatedtext": "Antígua e Barbuda",
      "token": "AG"
    },
    {
      "code": "12",
      "text": "Argentina",
      "translatedtext": "Argentina",
      "token": "AR"
    },
    {
      "code": "13",
      "text": "Armenia",
      "translatedtext": "Armênia",
      "token": "AM"
    },
    {
      "code": "14",
      "text": "Aruba",
      "translatedtext": "Aruba",
      "token": "AW"
    },
    {
      "code": "15",
      "text": "Australia",
      "translatedtext": "Austrália",
      "token": "AU"
    },
    {
      "code": "16",
      "text": "Austria",
      "translatedtext": "Áustria",
      "token": "AT"
    },
    {
      "code": "17",
      "text": "Azerbaijan Republic",
      "translatedtext": "Azerbaijão",
      "token": "AZ"
    },
    {
      "code": "18",
      "text": "Bahamas",
      "translatedtext": "Bahamas",
      "token": "BS"
    },
    {
      "code": "19",
      "text": "Bahrain",
      "translatedtext": "Bahrain",
      "token": "BH"
    },
    {
      "code": "20",
      "text": "Bangladesh",
      "translatedtext": "Bangladesh",
      "token": "BD"
    },
    {
      "code": "21",
      "text": "Barbados",
      "translatedtext": "Barbados",
      "token": "BB"
    },
    {
      "code": "22",
      "text": "Belarus",
      "translatedtext": "Belarus",
      "token": "BY"
    },
    {
      "code": "23",
      "text": "Belgium",
      "translatedtext": "Bélgica",
      "token": "BE"
    },
    {
      "code": "24",
      "text": "Belize",
      "translatedtext": "Belize",
      "token": "BZ"
    },
    {
      "code": "25",
      "text": "Benin",
      "translatedtext": "Benin",
      "token": "BJ"
    },
    {
      "code": "26",
      "text": "Bermuda",
      "translatedtext": "Bermuda",
      "token": "BM"
    },
    {
      "code": "27",
      "text": "Bhutan",
      "translatedtext": "Butão",
      "token": "BT"
    },
    {
      "code": "28",
      "text": "Bolivia",
      "translatedtext": "Bolívia",
      "token": "BO"
    },
    {
      "code": "29",
      "text": "Bosnia and Herzegovina",
      "translatedtext": "Bósnia e Herzegovina",
      "token": "BA"
    },
    {
      "code": "30",
      "text": "Botswana",
      "translatedtext": "Botsuana",
      "token": "BW"
    },
    {
      "code": "31",
      "text": "Brazil",
      "translatedtext": "Brasil",
      "token": "BR"
    },
    {
      "code": "32",
      "text": "British Virgin Islands",
      "translatedtext": "Ilhas Virgens Britânicas",
      "token": "IO"
    },
    {
      "code": "33",
      "text": "Brunei Darussalam",
      "translatedtext": "Brunei Darussalam",
      "token": "BN"
    },
    {
      "code": "34",
      "text": "Bulgaria",
      "translatedtext": "Bulgária",
      "token": "BG"
    },
    {
      "code": "35",
      "text": "Burkina Faso",
      "translatedtext": "Burkina Faso",
      "token": "BF"
    },
    {
      "code": "36",
      "text": "Myanmar",
      "translatedtext": "Mianmar",
      "token": "MM"
    },
    {
      "code": "37",
      "text": "Burundi",
      "translatedtext": "Burundi",
      "token": "BI"
    },
    {
      "code": "38",
      "text": "Cambodia",
      "translatedtext": "Camboja",
      "token": "KH"
    },
    {
      "code": "39",
      "text": "Cameroon",
      "translatedtext": "Cameroun",
      "token": "CM"
    },
    {
      "code": "40",
      "text": "Cape Verde Islands",
      "translatedtext": "Cabo Verde",
      "token": "CV"
    },
    {
      "code": "41",
      "text": "Cayman Islands",
      "translatedtext": "Ilhas Cayman",
      "token": "KY"
    },
    {
      "code": "42",
      "text": "Central African Republic",
      "translatedtext": "República Centro-Africana",
      "token": "CF"
    },
    {
      "code": "43",
      "text": "Chad",
      "translatedtext": "Chade",
      "token": "TD"
    },
    {
      "code": "44",
      "text": "Chile",
      "translatedtext": "Chile",
      "token": "CL"
    },
    {
      "code": "45",
      "text": "China Mainland",
      "translatedtext": "China Continental",
      "token": "CN"
    },
    {
      "code": "46",
      "text": "Colombia",
      "translatedtext": "Colômbia",
      "token": "CO"
    },
    {
      "code": "47",
      "text": "Comoros",
      "translatedtext": "Comores",
      "token": "KM"
    },
    {
      "code": "48",
      "text": "Congo, Democratic Republic of the",
      "translatedtext": "Congo, República Democrática do",
      "token": "CD"
    },
    {
      "code": "49",
      "text": "Congo, Republic of the",
      "translatedtext": "Congo",
      "token": "CG"
    },
    {
      "code": "50",
      "text": "Cook Islands",
      "translatedtext": "Ilhas Cook",
      "token": "CK"
    },
    {
      "code": "51",
      "text": "Costa Rica",
      "translatedtext": "Costa Rica",
      "token": "CR"
    },
    {
      "code": "52",
      "text": "Cote d Ivoire (Ivory Coast)",
      "translatedtext": "Costa do Marfim",
      "token": "CI"
    },
    {
      "code": "53",
      "text": "Croatia, Republic of",
      "translatedtext": "Croácia",
      "token": "HR"
    },
    {
      "code": "54",
      "text": "Cuba",
      "translatedtext": "Cuba",
      "token": "CU"
    },
    {
      "code": "55",
      "text": "Cyprus",
      "translatedtext": "Chipre",
      "token": "CY"
    },
    {
      "code": "56",
      "text": "Czech Republic",
      "translatedtext": "República Tcheca",
      "token": "CZ"
    },
    {
      "code": "57",
      "text": "Denmark",
      "translatedtext": "Dinamarca",
      "token": "DK"
    },
    {
      "code": "58",
      "text": "Djibouti",
      "translatedtext": "Djibouti",
      "token": "DJ"
    },
    {
      "code": "59",
      "text": "Dominica",
      "translatedtext": "Dominica",
      "token": "DM"
    },
    {
      "code": "60",
      "text": "Dominican Republic",
      "translatedtext": "República Dominicana",
      "token": "DO"
    },
    {
      "code": "61",
      "text": "Ecuador",
      "translatedtext": "Equador",
      "token": "EC"
    },
    {
      "code": "62",
      "text": "Egypt",
      "translatedtext": "Egito",
      "token": "EG"
    },
    {
      "code": "63",
      "text": "El Salvador",
      "translatedtext": "El Salvador",
      "token": "SV"
    },
    {
      "code": "64",
      "text": "Equatorial Guinea",
      "translatedtext": "Guiné Equatorial",
      "token": "GQ"
    },
    {
      "code": "65",
      "text": "Eritrea",
      "translatedtext": "Eritreia",
      "token": "ER"
    },
    {
      "code": "66",
      "text": "Estonia",
      "translatedtext": "Estônia",
      "token": "EE"
    },
    {
      "code": "67",
      "text": "Ethiopia",
      "translatedtext": "Etiópia",
      "token": "ET"
    },
    {
      "code": "68",
      "text": "Falkland Islands (Islas Malvinas)",
      "translatedtext": "Ilhas Falkland (Malvinas)",
      "token": "FK"
    },
    {
      "code": "69",
      "text": "Fiji",
      "translatedtext": "Fiji",
      "token": "FJ"
    },
    {
      "code": "70",
      "text": "Finland",
      "translatedtext": "Finlândia",
      "token": "FI"
    },
    {
      "code": "71",
      "text": "France",
      "translatedtext": "França",
      "token": "FR"
    },
    {
      "code": "72",
      "text": "French Guiana",
      "translatedtext": "Guiana Francesa",
      "token": "GF"
    },
    {
      "code": "73",
      "text": "French Polynesia",
      "translatedtext": "Polinésia Francesa",
      "token": "FP"
    },
    {
      "code": "74",
      "text": "Gabon Republic",
      "translatedtext": "Gabão",
      "token": "GA"
    },
    {
      "code": "75",
      "text": "Gambia",
      "translatedtext": "Gâmbia",
      "token": "GM"
    },
    {
      "code": "76",
      "text": "Georgia",
      "translatedtext": "Geórgia",
      "token": "GE"
    },
    {
      "code": "77",
      "text": "Germany",
      "translatedtext": "Alemanha",
      "token": "DE"
    },
    {
      "code": "78",
      "text": "Ghana",
      "translatedtext": "Gana",
      "token": "GH"
    },
    {
      "code": "79",
      "text": "Gibraltar",
      "translatedtext": "Gibraltar",
      "token": "GI"
    },
    {
      "code": "80",
      "text": "Greece",
      "translatedtext": "Grécia",
      "token": "GR"
    },
    {
      "code": "81",
      "text": "Greenland",
      "translatedtext": "Groenlândia",
      "token": "GL"
    },
    {
      "code": "82",
      "text": "Grenada",
      "translatedtext": "Granada",
      "token": "GD"
    },
    {
      "code": "83",
      "text": "Guadeloupe",
      "translatedtext": "Guadalupe",
      "token": "GP"
    },
    {
      "code": "84",
      "text": "Guam",
      "translatedtext": "Guam",
      "token": "GU"
    },
    {
      "code": "85",
      "text": "Guatemala",
      "translatedtext": "Guatemala",
      "token": "GT"
    },
    {
      "code": "86",
      "text": "Guernsey",
      "translatedtext": "Guernsey",
      "token": "GG"
    },
    {
      "code": "87",
      "text": "Guinea",
      "translatedtext": "Guiné",
      "token": "GN"
    },
    {
      "code": "88",
      "text": "Guinea-Bissau",
      "translatedtext": "Guiné Bissau",
      "token": "GW"
    },
    {
      "code": "89",
      "text": "Guyana",
      "translatedtext": "Guiana",
      "token": "GY"
    },
    {
      "code": "90",
      "text": "Haiti",
      "translatedtext": "Haiti",
      "token": "HT"
    },
    {
      "code": "91",
      "text": "Honduras",
      "translatedtext": "Honduras",
      "token": "HN"
    },
    {
      "code": "92",
      "text": "Hong Kong",
      "translatedtext": "Hong Kong",
      "token": "HK"
    },
    {
      "code": "93",
      "text": "Hungary",
      "translatedtext": "Hungria",
      "token": "HU"
    },
    {
      "code": "94",
      "text": "Iceland",
      "translatedtext": "Islândia",
      "token": "IS"
    },
    {
      "code": "95",
      "text": "India",
      "translatedtext": "Índia",
      "token": "IN"
    },
    {
      "code": "96",
      "text": "Indonesia",
      "translatedtext": "Indonésia",
      "token": "ID"
    },
    {
      "code": "97",
      "text": "Iran",
      "translatedtext": "Irã",
      "token": "IR"
    },
    {
      "code": "98",
      "text": "Iraq",
      "translatedtext": "Iraque",
      "token": "IQ"
    },
    {
      "code": "99",
      "text": "Ireland",
      "translatedtext": "Irlanda",
      "token": "IE"
    },
    {
      "code": "100",
      "text": "Israel",
      "translatedtext": "Israel",
      "token": "IL"
    },
    {
      "code": "101",
      "text": "Italy",
      "translatedtext": "Itália",
      "token": "IT"
    },
    {
      "code": "102",
      "text": "Jamaica",
      "translatedtext": "Jamaica",
      "token": "JM"
    },
    {
      "code": "103",
      "text": "Jan Mayen",
      "translatedtext": "Jan Mayen",
      "token": "JN"
    },
    {
      "code": "104",
      "text": "Japan",
      "translatedtext": "Japão",
      "token": "JP"
    },
    {
      "code": "105",
      "text": "Jersey",
      "translatedtext": "Jersey",
      "token": "JE"
    },
    {
      "code": "106",
      "text": "Jordan",
      "translatedtext": "Jordânia",
      "token": "JO"
    },
    {
      "code": "107",
      "text": "Kazakhstan",
      "translatedtext": "Cazaquistão",
      "token": "KZ"
    },
    {
      "code": "108",
      "text": "Kenya",
      "translatedtext": "Quênia",
      "token": "KE"
    },
    {
      "code": "109",
      "text": "Kiribati",
      "translatedtext": "Quiribati",
      "token": "KI"
    },
    {
      "code": "110",
      "text": "North Korea",
      "translatedtext": "Coreia do Norte",
      "token": "KP"
    },
    {
      "code": "111",
      "text": "Korea, South",
      "translatedtext": "Coreia do Sul",
      "token": "KR"
    },
    {
      "code": "112",
      "text": "Kuwait",
      "translatedtext": "Kuaite",
      "token": "KW"
    },
    {
      "code": "113",
      "text": "Kyrgyzstan",
      "translatedtext": "Quirguistão",
      "token": "KG"
    },
    {
      "code": "114",
      "text": "Laos",
      "translatedtext": "Laos",
      "token": "LA"
    },
    {
      "code": "115",
      "text": "Latvia",
      "translatedtext": "Letônia",
      "token": "LV"
    },
    {
      "code": "116",
      "text": "Lebanon",
      "translatedtext": "Líbano",
      "token": "LB"
    },
    {
      "code": "117",
      "text": "Lesotho",
      "translatedtext": "Lesoto",
      "token": "LS"
    },
    {
      "code": "118",
      "text": "Liberia",
      "translatedtext": "Libéria",
      "token": "LR"
    },
    {
      "code": "119",
      "text": "Libya",
      "translatedtext": "Líbia",
      "token": "LY"
    },
    {
      "code": "120",
      "text": "Liechtenstein",
      "translatedtext": "Liechtenstein",
      "token": "LI"
    },
    {
      "code": "121",
      "text": "Lithuania",
      "translatedtext": "Lituânia",
      "token": "LT"
    },
    {
      "code": "122",
      "text": "Luxembourg",
      "translatedtext": "Luxemburgo",
      "token": "LU"
    },
    {
      "code": "123",
      "text": "Macau",
      "translatedtext": "Macau",
      "token": "MO"
    },
    {
      "code": "124",
      "text": "Macedonia",
      "translatedtext": "Macedônia",
      "token": "MK"
    },
    {
      "code": "125",
      "text": "Madagascar",
      "translatedtext": "Madagáscar",
      "token": "MG"
    },
    {
      "code": "126",
      "text": "Malawi",
      "translatedtext": "Malauí",
      "token": "MW"
    },
    {
      "code": "127",
      "text": "Malaysia",
      "translatedtext": "Malásia",
      "token": "MY"
    },
    {
      "code": "128",
      "text": "Maldives",
      "translatedtext": "Maldivas",
      "token": "MV"
    },
    {
      "code": "129",
      "text": "Mali",
      "translatedtext": "Mali",
      "token": "ML"
    },
    {
      "code": "130",
      "text": "Malta",
      "translatedtext": "Malta",
      "token": "MT"
    },
    {
      "code": "131",
      "text": "Marshall Islands",
      "translatedtext": "Ilhas Marshall",
      "token": "MH"
    },
    {
      "code": "132",
      "text": "Martinique",
      "translatedtext": "Martinica",
      "token": "MQ"
    },
    {
      "code": "133",
      "text": "Mauritania",
      "translatedtext": "Mauritânia",
      "token": "MR"
    },
    {
      "code": "134",
      "text": "Mauritius",
      "translatedtext": "Maurício",
      "token": "MU"
    },
    {
      "code": "135",
      "text": "Mayotte",
      "translatedtext": "Mayotte",
      "token": "YT"
    },
    {
      "code": "136",
      "text": "Mexico",
      "translatedtext": "México",
      "token": "MX"
    },
    {
      "code": "137",
      "text": "Moldova",
      "translatedtext": "Moldávia",
      "token": "MD"
    },
    {
      "code": "138",
      "text": "Monaco",
      "translatedtext": "Mônaco",
      "token": "MC"
    },
    {
      "code": "139",
      "text": "Mongolia",
      "translatedtext": "Mongólia",
      "token": "MN"
    },
    {
      "code": "140",
      "text": "Montserrat",
      "translatedtext": "Montserrat",
      "token": "MS"
    },
    {
      "code": "141",
      "text": "Morocco",
      "translatedtext": "Marrocos",
      "token": "MA"
    },
    {
      "code": "142",
      "text": "Mozambique",
      "translatedtext": "Moçambique",
      "token": "MZ"
    },
    {
      "code": "143",
      "text": "Namibia",
      "translatedtext": "Namíbia",
      "token": "NA"
    },
    {
      "code": "144",
      "text": "Nauru",
      "translatedtext": "Nauru",
      "token": "NR"
    },
    {
      "code": "145",
      "text": "Nepal",
      "translatedtext": "Nepal",
      "token": "NP"
    },
    {
      "code": "146",
      "text": "Netherlands",
      "translatedtext": "Holanda",
      "token": "NL"
    },
    {
      "code": "147",
      "text": "Netherlands Antilles",
      "translatedtext": "Antilhas Holandesas",
      "token": "AN"
    },
    {
      "code": "148",
      "text": "New Caledonia",
      "translatedtext": "Nova Caledônia",
      "token": "NC"
    },
    {
      "code": "149",
      "text": "New Zealand",
      "translatedtext": "Nova Zelândia",
      "token": "NZ"
    },
    {
      "code": "150",
      "text": "Nicaragua",
      "translatedtext": "Nicarágua",
      "token": "NI"
    },
    {
      "code": "151",
      "text": "Niger",
      "translatedtext": "Níger",
      "token": "NE"
    },
    {
      "code": "152",
      "text": "Nigeria",
      "translatedtext": "Nigéria",
      "token": "NG"
    },
    {
      "code": "153",
      "text": "Niue",
      "translatedtext": "Niue",
      "token": "NU"
    },
    {
      "code": "154",
      "text": "Norway",
      "translatedtext": "Noruega",
      "token": "NO"
    },
    {
      "code": "155",
      "text": "Oman",
      "translatedtext": "Omã",
      "token": "OM"
    },
    {
      "code": "156",
      "text": "Pakistan",
      "translatedtext": "Paquistão",
      "token": "PK"
    },
    {
      "code": "157",
      "text": "Palau",
      "translatedtext": "Palau",
      "token": "PW"
    },
    {
      "code": "158",
      "text": "Panama",
      "translatedtext": "Panamá",
      "token": "PA"
    },
    {
      "code": "159",
      "text": "Papua New Guinea",
      "translatedtext": "Papua Nova Guiné",
      "token": "PG"
    },
    {
      "code": "160",
      "text": "Paraguay",
      "translatedtext": "Paraguai",
      "token": "PY"
    },
    {
      "code": "161",
      "text": "Peru",
      "translatedtext": "Peru",
      "token": "PE"
    },
    {
      "code": "162",
      "text": "Philippines",
      "translatedtext": "Filipinas",
      "token": "PH"
    },
    {
      "code": "163",
      "text": "Poland",
      "translatedtext": "Polônia",
      "token": "PL"
    },
    {
      "code": "164",
      "text": "Portugal",
      "translatedtext": "Portugal",
      "token": "PT"
    },
    {
      "code": "165",
      "text": "Puerto Rico",
      "translatedtext": "Porto Rico",
      "token": "PR"
    },
    {
      "code": "166",
      "text": "Qatar",
      "translatedtext": "Qatar",
      "token": "QA"
    },
    {
      "code": "167",
      "text": "Romania",
      "translatedtext": "Romênia",
      "token": "RO"
    },
    {
      "code": "168",
      "text": "Russian Federation",
      "translatedtext": "Federação Russa",
      "token": "RU"
    },
    {
      "code": "169",
      "text": "Rwanda",
      "translatedtext": "Ruanda",
      "token": "RW"
    },
    {
      "code": "170",
      "text": "Saint Helena",
      "translatedtext": "Santa Helena",
      "token": "SH"
    },
    {
      "code": "171",
      "text": "Saint Kitts-Nevis",
      "translatedtext": "São Cristóvão e Névis",
      "token": "KN"
    },
    {
      "code": "172",
      "text": "Saint Lucia",
      "translatedtext": "Santa Lucia",
      "token": "LC"
    },
    {
      "code": "173",
      "text": "Saint Pierre and Miquelon",
      "translatedtext": "São Pedro e Miquelon",
      "token": "PM"
    },
    {
      "code": "174",
      "text": "Saint Vincent and the Grenadines",
      "translatedtext": "São Vicente e Granadinas",
      "token": "VC"
    },
    {
      "code": "175",
      "text": "San Marino",
      "translatedtext": "San Marino",
      "token": "SM"
    },
    {
      "code": "176",
      "text": "Saudi Arabia",
      "translatedtext": "Arábia Saudita",
      "token": "SA"
    },
    {
      "code": "177",
      "text": "Senegal",
      "translatedtext": "Senegal",
      "token": "SN"
    },
    {
      "code": "178",
      "text": "Seychelles",
      "translatedtext": "Seychelles",
      "token": "SC"
    },
    {
      "code": "179",
      "text": "Sierra Leone",
      "translatedtext": "Serra Leoa",
      "token": "SL"
    },
    {
      "code": "180",
      "text": "Singapore",
      "translatedtext": "Cingapura",
      "token": "SG"
    },
    {
      "code": "181",
      "text": "Slovakia",
      "translatedtext": "Eslováquia",
      "token": "SK"
    },
    {
      "code": "182",
      "text": "Slovenia",
      "translatedtext": "Eslovênia",
      "token": "SI"
    },
    {
      "code": "183",
      "text": "Solomon Islands",
      "translatedtext": "Ilhas Salomão",
      "token": "SB"
    },
    {
      "code": "184",
      "text": "Somalia",
      "translatedtext": "Somália",
      "token": "SO"
    },
    {
      "code": "185",
      "text": "South Africa",
      "translatedtext": "África do Sul",
      "token": "ZA"
    },
    {
      "code": "186",
      "text": "Spain",
      "translatedtext": "Espanha",
      "token": "ES"
    },
    {
      "code": "187",
      "text": "Sri Lanka",
      "translatedtext": "Sri Lanka",
      "token": "LK"
    },
    {
      "code": "188",
      "text": "Sudan",
      "translatedtext": "Sudão",
      "token": "SD"
    },
    {
      "code": "189",
      "text": "Suriname",
      "translatedtext": "Suriname",
      "token": "SR"
    },
    {
      "code": "190",
      "text": "Svalbard",
      "translatedtext": "Svalbard",
      "token": "SJ"
    },
    {
      "code": "191",
      "text": "Swaziland",
      "translatedtext": "Suazilândia",
      "token": "SZ"
    },
    {
      "code": "192",
      "text": "Sweden",
      "translatedtext": "Suécia",
      "token": "SE"
    },
    {
      "code": "193",
      "text": "Switzerland",
      "translatedtext": "Suíça",
      "token": "CH"
    },
    {
      "code": "194",
      "text": "Syrian Arab Republic",
      "translatedtext": "República Árabe da Síria",
      "token": "SY"
    },
    {
      "code": "195",
      "text": "Tahiti",
      "translatedtext": "Taiti",
      "token": "TA"
    },
    {
      "code": "196",
      "text": "Taiwan",
      "translatedtext": "Taiwan",
      "token": "TW"
    },
    {
      "code": "197",
      "text": "Tajikistan",
      "translatedtext": "Tajiquistão",
      "token": "TJ"
    },
    {
      "code": "198",
      "text": "Tanzania",
      "translatedtext": "Tanzânia",
      "token": "TZ"
    },
    {
      "code": "199",
      "text": "Thailand",
      "translatedtext": "Tailândia",
      "token": "TH"
    },
    {
      "code": "200",
      "text": "Togo",
      "translatedtext": "Togo",
      "token": "TG"
    },
    {
      "code": "201",
      "text": "Tonga",
      "translatedtext": "Tonga",
      "token": "TO"
    },
    {
      "code": "202",
      "text": "Trinidad and Tobago",
      "translatedtext": "Trinidad e Tobago",
      "token": "TT"
    },
    {
      "code": "203",
      "text": "Tunisia",
      "translatedtext": "Tunísia",
      "token": "TN"
    },
    {
      "code": "204",
      "text": "Turkey",
      "translatedtext": "Turquia",
      "token": "TR"
    },
    {
      "code": "205",
      "text": "Turkmenistan",
      "translatedtext": "Turcomenistão",
      "token": "TM"
    },
    {
      "code": "206",
      "text": "Turks and Caicos Islands",
      "translatedtext": "Ilhas Turks e Caicos",
      "token": "TC"
    },
    {
      "code": "207",
      "text": "Tuvalu",
      "translatedtext": "Tuvalu",
      "token": "TV"
    },
    {
      "code": "208",
      "text": "Uganda",
      "translatedtext": "Uganda",
      "token": "UG"
    },
    {
      "code": "209",
      "text": "Ukraine",
      "translatedtext": "Ucrânia",
      "token": "UA"
    },
    {
      "code": "210",
      "text": "United Arab Emirates",
      "translatedtext": "Emirados Árabes Unidos",
      "token": "AE"
    },
    {
      "code": "211",
      "text": "Uruguay",
      "translatedtext": "Uruguai",
      "token": "UY"
    },
    {
      "code": "212",
      "text": "Uzbekistan",
      "translatedtext": "Uzbequistão",
      "token": "UZ"
    },
    {
      "code": "213",
      "text": "Vanuatu",
      "translatedtext": "Vanuatu",
      "token": "VU"
    },
    {
      "code": "214",
      "text": "Vatican City State",
      "translatedtext": "Cidade do Vaticano",
      "token": "VA"
    },
    {
      "code": "215",
      "text": "Venezuela",
      "translatedtext": "Venezuela",
      "token": "VE"
    },
    {
      "code": "216",
      "text": "Vietnam",
      "translatedtext": "Vietnã",
      "token": "VN"
    },
    {
      "code": "217",
      "text": "Virgin Islands (U.S.)",
      "translatedtext": "Ilhas Virgens (EUA)",
      "token": "VI"
    },
    {
      "code": "218",
      "text": "Wallis and Futuna",
      "translatedtext": "Wallis e Futuna",
      "token": "WF"
    },
    {
      "code": "219",
      "text": "Western Sahara",
      "translatedtext": "Saara Ocidental",
      "token": "EH"
    },
    {
      "code": "220",
      "text": "Western Samoa",
      "translatedtext": "Samoa Ocidental",
      "token": "WS"
    },
    {
      "code": "221",
      "text": "Yemen",
      "translatedtext": "Iêmen",
      "token": "YE"
    },
    {
      "code": "223",
      "text": "Zambia",
      "translatedtext": "Zâmbia",
      "token": "ZM"
    },
    {
      "code": "224",
      "text": "Zimbabwe",
      "translatedtext": "Zimbábue",
      "token": "ZW"
    },
    {
      "code": "225",
      "text": "APO/FPO/DPO",
      "translatedtext": "APO/FPO/DPO",
      "token": "AP"
    },
    {
      "code": "226",
      "text": "Micronesia",
      "translatedtext": "Micronésia",
      "token": "FM"
    },
    {
      "code": "227",
      "text": "Reunion",
      "translatedtext": "Reunião",
      "token": "RE"
    },
    {
      "code": "228",
      "text": "Montenegro",
      "translatedtext": "Montenegro",
      "token": "ME"
    },
    {
      "code": "229",
      "text": "Serbia",
      "translatedtext": "Sérvia",
      "token": "RS"
    },
    {
      "code": "4007",
      "text": "Curacao",
      "translatedtext": "Curaçao",
      "token": "CW"
    },
    {
      "code": "4019",
      "text": "Palestine",
      "translatedtext": "Palestina",
      "token": "PS"
    },
    {
      "code": "4024",
      "text": "Timor-Leste",
      "translatedtext": "Timor-Leste",
      "token": "TL"
    },
    {
      "code": "4026",
      "text": "Kosovo",
      "translatedtext": "Kosovo",
      "token": "XK"
    }
  ]
}
