{"states":[{"code":"-1","token":"default","text":"Select your province","translatedtext":"Seleziona la tua provincia"},{"code":"0","token":"AG","text":"Agrigento","translatedtext":"Agrigento"},{"code":"1","token":"AL","text":"Alessandria","translatedtext":"Alessandria"},{"code":"2","token":"AN","text":"Ancona","translatedtext":"Ancona"},{"code":"3","token":"AO","text":"Aosta","translatedtext":"Aosta"},{"code":"4","token":"AR","text":"Arezzo","translatedtext":"Arezzo"},{"code":"5","token":"AP","text":"Ascoli Piceno","translatedtext":"Ascoli Piceno"},{"code":"6","token":"AT","text":"Asti","translatedtext":"Asti"},{"code":"7","token":"AV","text":"Avellino","translatedtext":"Avellino"},{"code":"8","token":"BA","text":"Bari","translatedtext":"Bari"},{"code":"107","token":"BT","text":"Barletta-Andria-Trani","translatedtext":"Barletta-Andria-Trani"},{"code":"9","token":"BL","text":"Belluno","translatedtext":"Belluno"},{"code":"10","token":"BN","text":"Benevento","translatedtext":"Benevento"},{"code":"11","token":"BG","text":"Bergamo","translatedtext":"Bergamo"},{"code":"12","token":"BI","text":"Biella","translatedtext":"Biella"},{"code":"13","token":"BO","text":"Bologna","translatedtext":"Bologna"},{"code":"14","token":"BZ","text":"Bolzano","translatedtext":"Bolzano"},{"code":"15","token":"BS","text":"Brescia","translatedtext":"Brescia"},{"code":"16","token":"BR","text":"Brindisi","translatedtext":"Brindisi"},{"code":"17","token":"CA","text":"Cagliari","translatedtext":"Cagliari"},{"code":"18","token":"CL","text":"Caltanissetta","translatedtext":"Caltanissetta"},{"code":"19","token":"CB","text":"Campobasso","translatedtext":"Campobasso"},{"code":"20","token":"CE","text":"Caserta","translatedtext":"Caserta"},{"code":"21","token":"CT","text":"Catania","translatedtext":"Catania"},{"code":"22","token":"CZ","text":"Catanzaro","translatedtext":"Catanzaro"},{"code":"23","token":"CH","text":"Chieti","translatedtext":"Chieti"},{"code":"24","token":"CO","text":"Como","translatedtext":"Como"},{"code":"25","token":"CS","text":"Cosenza","translatedtext":"Cosenza"},{"code":"26","token":"CR","text":"Cremona","translatedtext":"Cremona"},{"code":"27","token":"KR","text":"Crotone","translatedtext":"Crotone"},{"code":"28","token":"CN","text":"Cuneo","translatedtext":"Cuneo"},{"code":"29","token":"EN","text":"Enna","translatedtext":"Enna"},{"code":"109","token":"FM","text":"Fermo","translatedtext":"Fermo"},{"code":"30","token":"FE","text":"Ferrara","translatedtext":"Ferrara"},{"code":"31","token":"FI","text":"Firenze","translatedtext":"Firenze"},{"code":"33","token":"FG","text":"Foggia","translatedtext":"Foggia"},{"code":"34","token":"FC","text":"Forlì - Cesena","translatedtext":"Forlì - Cesena"},{"code":"35","token":"FR","text":"Frosinone","translatedtext":"Frosinone"},{"code":"36","token":"GE","text":"Genova","translatedtext":"Genova"},{"code":"37","token":"GO","text":"Gorizia","translatedtext":"Gorizia"},{"code":"38","token":"GR","text":"Grosseto","translatedtext":"Grosseto"},{"code":"39","token":"IM","text":"Imperia","translatedtext":"Imperia"},{"code":"40","token":"IS","text":"Isernia","translatedtext":"Isernia"},{"code":"41","token":"SP","text":"La Spezia","translatedtext":"La Spezia"},{"code":"42","token":"AQ","text":"L'Aquila","translatedtext":"L'Aquila"},{"code":"43","token":"LT","text":"Latina","translatedtext":"Latina"},{"code":"44","token":"LE","text":"Lecce","translatedtext":"Lecce"},{"code":"45","token":"LC","text":"Lecco","translatedtext":"Lecco"},{"code":"46","token":"LI","text":"Livorno","translatedtext":"Livorno"},{"code":"47","token":"LO","text":"Lodi","translatedtext":"Lodi"},{"code":"48","token":"LU","text":"Lucca","translatedtext":"Lucca"},{"code":"49","token":"MC","text":"Macerata","translatedtext":"Macerata"},{"code":"50","token":"MN","text":"Mantova","translatedtext":"Mantova"},{"code":"51","token":"MS","text":"Massa Carrara","translatedtext":"Massa Carrara"},{"code":"52","token":"MT","text":"Matera","translatedtext":"Matera"},{"code":"53","token":"ME","text":"Messina","translatedtext":"Messina"},{"code":"54","token":"MI","text":"Milano","translatedtext":"Milano"},{"code":"55","token":"MO","text":"Modena","translatedtext":"Modena"},{"code":"111","token":"MB","text":"Monza e della Brianza","translatedtext":"Monza e della Brianza"},{"code":"56","token":"NA","text":"Napoli","translatedtext":"Napoli"},{"code":"57","token":"NO","text":"Novara","translatedtext":"Novara"},{"code":"58","token":"NU","text":"Nuoro","translatedtext":"Nuoro"},{"code":"59","token":"OR","text":"Oristano","translatedtext":"Oristano"},{"code":"60","token":"PD","text":"Padova","translatedtext":"Padova"},{"code":"61","token":"PA","text":"Palermo","translatedtext":"Palermo"},{"code":"62","token":"PR","text":"Parma","translatedtext":"Parma"},{"code":"63","token":"PV","text":"Pavia","translatedtext":"Pavia"},{"code":"64","token":"PG","text":"Perugia","translatedtext":"Perugia"},{"code":"65","token":"PU","text":"Pesaro Urbino","translatedtext":"Pesaro Urbino"},{"code":"66","token":"PE","text":"Pescara","translatedtext":"Pescara"},{"code":"67","token":"PC","text":"Piacenza","translatedtext":"Piacenza"},{"code":"68","token":"PI","text":"Pisa","translatedtext":"Pisa"},{"code":"69","token":"PT","text":"Pistoia","translatedtext":"Pistoia"},{"code":"71","token":"PN","text":"Pordenone","translatedtext":"Pordenone"},{"code":"72","token":"PZ","text":"Potenza","translatedtext":"Potenza"},{"code":"73","token":"PO","text":"Prato","translatedtext":"Prato"},{"code":"74","token":"RG","text":"Ragusa","translatedtext":"Ragusa"},{"code":"75","token":"RA","text":"Ravenna","translatedtext":"Ravenna"},{"code":"76","token":"RC","text":"Reggio Calabria","translatedtext":"Reggio Calabria"},{"code":"77","token":"RE","text":"Reggio Emilia","translatedtext":"Reggio Emilia"},{"code":"78","token":"RI","text":"Rieti","translatedtext":"Rieti"},{"code":"79","token":"RN","text":"Rimini","translatedtext":"Rimini"},{"code":"80","token":"RM","text":"Roma","translatedtext":"Roma"},{"code":"81","token":"RO","text":"Rovigo","translatedtext":"Rovigo"},{"code":"82","token":"SA","text":"Salerno","translatedtext":"Salerno"},{"code":"83","token":"SS","text":"Sassari","translatedtext":"Sassari"},{"code":"84","token":"SV","text":"Savona","translatedtext":"Savona"},{"code":"85","token":"SI","text":"Siena","translatedtext":"Siena"},{"code":"86","token":"SR","text":"Siracusa","translatedtext":"Siracusa"},{"code":"87","token":"SO","text":"Sondrio","translatedtext":"Sondrio"},{"code":"105","token":"SU","text":"Sud Sardegna","translatedtext":"Sud Sardegna"},{"code":"88","token":"TA","text":"Taranto","translatedtext":"Taranto"},{"code":"89","token":"TE","text":"Teramo","translatedtext":"Teramo"},{"code":"90","token":"TR","text":"Terni","translatedtext":"Terni"},{"code":"91","token":"TO","text":"Torino","translatedtext":"Torino"},{"code":"92","token":"TP","text":"Trapani","translatedtext":"Trapani"},{"code":"93","token":"TN","text":"Trento","translatedtext":"Trento"},{"code":"94","token":"TV","text":"Treviso","translatedtext":"Treviso"},{"code":"95","token":"TS","text":"Trieste","translatedtext":"Trieste"},{"code":"96","token":"UD","text":"Udine","translatedtext":"Udine"},{"code":"97","token":"VA","text":"Varese","translatedtext":"Varese"},{"code":"98","token":"VE","text":"Venezia","translatedtext":"Venezia"},{"code":"99","token":"VB","text":"Verbania-Cusio-Ossola","translatedtext":"Verbania-Cusio-Ossola"},{"code":"100","token":"VC","text":"Vercelli","translatedtext":"Vercelli"},{"code":"101","token":"VR","text":"Verona","translatedtext":"Verona"},{"code":"102","token":"VV","text":"Vibo Valentia","translatedtext":"Vibo Valentia"},{"code":"103","token":"VI","text":"Vicenza","translatedtext":"Vicenza"},{"code":"104","token":"VT","text":"Viterbo","translatedtext":"Viterbo"}],"countries":[{"code":"101","token":"IT","text":"Italy","translatedtext":"Italia"},{"code":"225","token":"AP","text":"APO/FPO","translatedtext":"APO/FPO"},{"code":"4","token":"AF","text":"Afghanistan","translatedtext":"Afghanistan"},{"code":"5","token":"AL","text":"Albania","translatedtext":"Albania"},{"code":"6","token":"DZ","text":"Algeria","translatedtext":"Algeria"},{"code":"8","token":"AD","text":"Andorra","translatedtext":"Andorra"},{"code":"9","token":"AO","text":"Angola","translatedtext":"Angola"},{"code":"11","token":"AG","text":"Anguilla","translatedtext":"Anguilla"},{"code":"11","token":"AG","text":"Antigua and Barbuda","translatedtext":"Antigua e Barbuda"},{"code":"147","token":"AN","text":"Netherlands Antilles","translatedtext":"Antille Olandesi"},{"code":"176","token":"SA","text":"Saudi Arabia","translatedtext":"Arabia Saudita"},{"code":"12","token":"AR","text":"Argentina","translatedtext":"Argentina"},{"code":"13","token":"AM","text":"Armenia","translatedtext":"Armenia"},{"code":"14","token":"AW","text":"Aruba","translatedtext":"Aruba"},{"code":"15","token":"AU","text":"Australia","translatedtext":"Australia"},{"code":"16","token":"AT","text":"Austria","translatedtext":"Austria"},{"code":"18","token":"BS","text":"Bahamas","translatedtext":"Bahamas"},{"code":"19","token":"BH","text":"Bahrain","translatedtext":"Bahrein"},{"code":"20","token":"BD","text":"Bangladesh","translatedtext":"Bangladesh"},{"code":"21","token":"BB","text":"Barbados","translatedtext":"Barbados"},{"code":"23","token":"BE","text":"Belgium","translatedtext":"Belgio"},{"code":"24","token":"BZ","text":"Belize","translatedtext":"Belize"},{"code":"25","token":"BJ","text":"Benin","translatedtext":"Benin"},{"code":"26","token":"BM","text":"Bermuda","translatedtext":"Bermuda"},{"code":"27","token":"BT","text":"Bhutan","translatedtext":"Bhutan"},{"code":"22","token":"BY","text":"Belarus","translatedtext":"Bielorussia"},{"code":"28","token":"BO","text":"Bolivia","translatedtext":"Bolivia"},{"code":"29","token":"BA","text":"Bosnia and Herzegovina","translatedtext":"Bosnia e Herzegovina"},{"code":"30","token":"BW","text":"Botswana","translatedtext":"Botswana"},{"code":"31","token":"BR","text":"Brazil","translatedtext":"Brasile"},{"code":"33","token":"BN","text":"Brunei Darussalam","translatedtext":"Brunei Darussalam"},{"code":"34","token":"BG","text":"Bulgaria","translatedtext":"Bulgaria"},{"code":"35","token":"BF","text":"Burkina Faso","translatedtext":"Burkina Faso"},{"code":"37","token":"BI","text":"Burundi","translatedtext":"Burundi"},{"code":"38","token":"KH","text":"Cambodia","translatedtext":"Cambogia"},{"code":"39","token":"CM","text":"Cameroon","translatedtext":"Camerun"},{"code":"2","token":"CA","text":"Canada","translatedtext":"Canada"},{"code":"43","token":"TD","text":"Chad","translatedtext":"Ciad"},{"code":"44","token":"CL","text":"Chile","translatedtext":"Cile"},{"code":"45","token":"CN","text":"China","translatedtext":"Cina"},{"code":"55","token":"CY","text":"Cyprus","translatedtext":"Cipro"},{"code":"214","token":"VA","text":"Vatican City State","translatedtext":"Città del Vaticano"},{"code":"46","token":"CO","text":"Colombia","translatedtext":"Colombia"},{"code":"47","token":"KM","text":"Comoros","translatedtext":"Comoros"},{"code":"49","token":"CG","text":"Congo, Republic of the","translatedtext":"Congo, Repubblica"},{"code":"48","token":"CD","text":"Congo, Democratic Republic of the","translatedtext":"Congo, Repubblica Democratica"},{"code":"111","token":"KR","text":"Korea, South","translatedtext":"Corea del Sud"},{"code":"52","token":"CI","text":"Cote d Ivoire (Ivory Coast)","translatedtext":"Costa d'Avorio"},{"code":"51","token":"CR","text":"Costa Rica","translatedtext":"Costa Rica"},{"code":"53","token":"HR","text":"Croatia, Republic of","translatedtext":"Croazia, Repubblica"},{"code":"57","token":"DK","text":"Denmark","translatedtext":"Danimarca"},{"code":"59","token":"DM","text":"Dominica","translatedtext":"Dominica"},{"code":"61","token":"EC","text":"Ecuador","translatedtext":"Ecuador"},{"code":"62","token":"EG","text":"Egypt","translatedtext":"Egitto"},{"code":"63","token":"SV","text":"El Salvador","translatedtext":"El Salvador"},{"code":"210","token":"AE","text":"United Arab Emirates","translatedtext":"Emirati Arabi Uniti"},{"code":"65","token":"ER","text":"Eritrea","translatedtext":"Eritrea"},{"code":"66","token":"EE","text":"Estonia","translatedtext":"Estonia"},{"code":"67","token":"ET","text":"Ethiopia","translatedtext":"Etiopia"},{"code":"168","token":"RU","text":"Russian Federation","translatedtext":"Federazione Russa"},{"code":"69","token":"FJ","text":"Fiji","translatedtext":"Figi"},{"code":"162","token":"PH","text":"Philippines","translatedtext":"Filippine"},{"code":"70","token":"FI","text":"Finland","translatedtext":"Finlandia"},{"code":"71","token":"FR","text":"France","translatedtext":"Francia"},{"code":"75","token":"GM","text":"Gambia","translatedtext":"Gambia"},{"code":"76","token":"GE","text":"Georgia","translatedtext":"Georgia"},{"code":"77","token":"DE","text":"Germany","translatedtext":"Germania"},{"code":"78","token":"GH","text":"Ghana","translatedtext":"Ghana"},{"code":"102","token":"JM","text":"Jamaica","translatedtext":"Giamaica"},{"code":"104","token":"JP","text":"Japan","translatedtext":"Giappone"},{"code":"79","token":"GI","text":"Gibraltar","translatedtext":"Gibilterra"},{"code":"58","token":"DJ","text":"Djibouti","translatedtext":"Gibuti"},{"code":"106","token":"JO","text":"Jordan","translatedtext":"Giordania"},{"code":"80","token":"GR","text":"Greece","translatedtext":"Grecia"},{"code":"82","token":"GD","text":"Grenada","translatedtext":"Grenada"},{"code":"81","token":"GL","text":"Greenland","translatedtext":"Groenlandia"},{"code":"83","token":"GP","text":"Guadeloupe","translatedtext":"Guadalupe"},{"code":"84","token":"GU","text":"Guam","translatedtext":"Guam"},{"code":"85","token":"GT","text":"Guatemala","translatedtext":"Guatemala"},{"code":"86","token":"GK","text":"Guernsey","translatedtext":"Guernsey"},{"code":"87","token":"GN","text":"Guinea","translatedtext":"Guinea"},{"code":"88","token":"GW","text":"Guinea-Bissau","translatedtext":"Guinea-Bissau"},{"code":"64","token":"GQ","text":"Equatorial Guinea","translatedtext":"Guinea Equatoriale"},{"code":"89","token":"GY","text":"Guyana","translatedtext":"Guyana"},{"code":"72","token":"GF","text":"French Guiana","translatedtext":"Guyana Francese"},{"code":"90","token":"HT","text":"Haiti","translatedtext":"Haiti"},{"code":"91","token":"HN","text":"Honduras","translatedtext":"Honduras"},{"code":"92","token":"HK","text":"Hong Kong","translatedtext":"Hong Kong"},{"code":"95","token":"IN","text":"India","translatedtext":"India"},{"code":"96","token":"ID","text":"Indonesia","translatedtext":"Indonesia"},{"code":"99","token":"IE","text":"Ireland","translatedtext":"Irlanda"},{"code":"94","token":"IS","text":"Iceland","translatedtext":"Islanda"},{"code":"40","token":"CV","text":"Cape Verde Islands","translatedtext":"Isole di Capo Verde"},{"code":"41","token":"KY","text":"Cayman Islands","translatedtext":"Isole Cayman"},{"code":"50","token":"CK","text":"Cook Islands","translatedtext":"Isole Cook"},{"code":"68","token":"FK","text":"Falkland Islands (Islas Malvinas)","translatedtext":"Isole Falkland (Islas Malvinas)"},{"code":"131","token":"MH","text":"Marshall Islands","translatedtext":"Isole Marshall"},{"code":"183","token":"SB","text":"Solomon Islands","translatedtext":"Isole Salomone"},{"code":"206","token":"TC","text":"Turks and Caicos Islands","translatedtext":"Isole Turks e Caicos"},{"code":"32","token":"IO","text":"British Virgin Islands","translatedtext":"Isole Vergini Britanniche"},{"code":"217","token":"VI","text":"Virgin Islands (U.S.)","translatedtext":"Isole Vergini (U.S.A.)"},{"code":"100","token":"IL","text":"Israel","translatedtext":"Israele"},{"code":"101","token":"IT","text":"Italy","translatedtext":"Italia"},{"code":"103","token":"JN","text":"Jan Mayen","translatedtext":"Jan Mayen"},{"code":"105","token":"JE","text":"Jersey","translatedtext":"Jersey"},{"code":"107","token":"KZ","text":"Kazakhstan","translatedtext":"Kazakistan"},{"code":"108","token":"KE","text":"Kenya Coast Republic","translatedtext":"Kenya"},{"code":"109","token":"KI","text":"Kiribati","translatedtext":"Kiribati"},{"code":"112","token":"KW","text":"Kuwait","translatedtext":"Kuwait"},{"code":"113","token":"KG","text":"Kyrgyzstan","translatedtext":"Kyrgyzstan"},{"code":"114","token":"LA","text":"Laos","translatedtext":"Laos"},{"code":"117","token":"","text":"Lesotho","translatedtext":"Lesotho"},{"code":"115","token":"LV","text":"Latvia","translatedtext":"Lettonia"},{"code":"116","token":"LB","text":"Lebanon","translatedtext":"Libano"},{"code":"118","token":"","text":"Liberia","translatedtext":"Liberia"},{"code":"120","token":"LI","text":"Liechtenstein","translatedtext":"Liechtenstein"},{"code":"121","token":"LT","text":"Lithuania","translatedtext":"Lituania"},{"code":"122","token":"LU","text":"Luxembourg","translatedtext":"Lussemburgo"},{"code":"123","token":"MO","text":"Macau","translatedtext":"Macao"},{"code":"124","token":"MK","text":"Macedonia","translatedtext":"Macedonia"},{"code":"125","token":"MG","text":"Madagascar","translatedtext":"Madagascar"},{"code":"126","token":"MW","text":"Malawi","translatedtext":"Malawi"},{"code":"128","token":"MV","text":"Maldives","translatedtext":"Maldive"},{"code":"127","token":"MY","text":"Malaysia","translatedtext":"Malesia"},{"code":"129","token":"ML","text":"Mali","translatedtext":"Mali"},{"code":"130","token":"MT","text":"Malta","translatedtext":"Malta"},{"code":"141","token":"MA","text":"Morocco","translatedtext":"Marocco"},{"code":"132","token":"MQ","text":"Martinique","translatedtext":"Martinica"},{"code":"133","token":"MR","text":"Mauritania","translatedtext":"Mauritania"},{"code":"134","token":"MU","text":"Mauritius","translatedtext":"Mauritius"},{"code":"135","token":"YT","text":"Mayotte","translatedtext":"Mayotte"},{"code":"136","token":"MX","text":"Mexico","translatedtext":"Messico"},{"code":"226","token":"FM","text":"Micronesia","translatedtext":"Micronesia"},{"code":"137","token":"MD","text":"Moldova","translatedtext":"Moldova"},{"code":"138","token":"MC","text":"Monaco","translatedtext":"Monaco"},{"code":"139","token":"MN","text":"Mongolia","translatedtext":"Mongolia"},{"code":"228","token":"ME","text":"Montenegro","translatedtext":"Montenegro"},{"code":"140","token":"MS","text":"Montserrat","translatedtext":"Montserrat"},{"code":"142","token":"MZ","text":"Mozambique","translatedtext":"Mozambico"},{"code":"143","token":"NA","text":"Namibia","translatedtext":"Namibia"},{"code":"144","token":"NR","text":"Nauru","translatedtext":"Nauru"},{"code":"145","token":"NP","text":"Nepal","translatedtext":"Nepal"},{"code":"150","token":"NI","text":"Nicaragua","translatedtext":"Nicaragua"},{"code":"151","token":"NE","text":"Niger","translatedtext":"Niger"},{"code":"152","token":"NG","text":"Nigeria","translatedtext":"Nigeria"},{"code":"153","token":"NU","text":"Niue","translatedtext":"Niue"},{"code":"154","token":"NO","text":"Norway","translatedtext":"Norvegia"},{"code":"148","token":"NC","text":"New Caledonia","translatedtext":"Nuova Caledonia"},{"code":"149","token":"NZ","text":"New Zealand","translatedtext":"Nuova Zelanda"},{"code":"155","token":"OM","text":"Oman","translatedtext":"Oman"},{"code":"146","token":"NL","text":"Netherlands","translatedtext":"Paesi Bassi"},{"code":"156","token":"PK","text":"Pakistan","translatedtext":"Pakistan"},{"code":"157","token":"PW","text":"Palau","translatedtext":"Palau"},{"code":"158","token":"PA","text":"Panama","translatedtext":"Panama"},{"code":"159","token":"PG","text":"Papua New Guinea","translatedtext":"Papuasia Nuova Guinea"},{"code":"160","token":"PY","text":"Paraguay","translatedtext":"Paraguay"},{"code":"161","token":"PE","text":"Peru","translatedtext":"Perù"},{"code":"73","token":"FP","text":"French Polynesia","translatedtext":"Polinesia Francese"},{"code":"163","token":"PL","text":"Poland","translatedtext":"Polonia"},{"code":"164","token":"PT","text":"Portugal","translatedtext":"Portogallo"},{"code":"165","token":"PR","text":"Puerto Rico","translatedtext":"Porto Rico"},{"code":"166","token":"QA","text":"Qatar","translatedtext":"Qatar"},{"code":"3","token":"GB","text":"United Kingdom","translatedtext":"Regno Unito"},{"code":"17","token":"AZ","text":"Azerbaijan Republic","translatedtext":"Repubblica dell'Azerbaijan"},{"code":"56","token":"CZ","text":"Czech Republic","translatedtext":"Repubblica Ceca"},{"code":"42","token":"CF","text":"Central African Republic","translatedtext":"Repubblica Centrafricana"},{"code":"60","token":"DO","text":"Dominican Republic","translatedtext":"Repubblica Dominicana"},{"code":"74","token":"GA","text":"Gabon Republic","translatedtext":"Repubblica di Gabon"},{"code":"227","token":"RE","text":"Reunion","translatedtext":"Riunione"},{"code":"167","token":"RO","text":"Romania","translatedtext":"Romania"},{"code":"169","token":"RW","text":"Rwanda","translatedtext":"Ruanda"},{"code":"219","token":"EH","text":"Western Sahara","translatedtext":"Sahara Occidentale"},{"code":"7","token":"AS","text":"American Samoa","translatedtext":"Samoa Americane"},{"code":"220","token":"WS","text":"Western Samoa","translatedtext":"Samoa Occidentale"},{"code":"170","token":"SH","text":"Saint Helena","translatedtext":"St. Elena"},{"code":"171","token":"KN","text":"Saint Kitts-Nevis","translatedtext":"St. Kitts-Nevis"},{"code":"173","token":"PM","text":"Saint Pierre and Miquelon","translatedtext":"St. Pierre e Miquelon"},{"code":"175","token":"SM","text":"San Marino","translatedtext":"San Marino"},{"code":"174","token":"VC","text":"Saint Vincent and the Grenadines","translatedtext":"San Vincenzo e Grenadine"},{"code":"172","token":"LC","text":"Saint Lucia","translatedtext":"Santa Lucia"},{"code":"177","token":"SN","text":"Senegal","translatedtext":"Senegal"},{"code":"229","token":"RS","text":"Serbia","translatedtext":"Serbia"},{"code":"178","token":"SC","text":"Seychelles","translatedtext":"Seychelles"},{"code":"179","token":"SL","text":"Sierra Leone","translatedtext":"Sierra Leone"},{"code":"180","token":"SG","text":"Singapore","translatedtext":"Singapore"},{"code":"181","token":"SK","text":"Slovakia","translatedtext":"Slovacchia"},{"code":"182","token":"SI","text":"Slovenia","translatedtext":"Slovenia"},{"code":"184","token":"SO","text":"Somalia","translatedtext":"Somalia"},{"code":"186","token":"ES","text":"Spain","translatedtext":"Spagna"},{"code":"187","token":"LK","text":"Sri Lanka","translatedtext":"Sri Lanka"},{"code":"1","token":"US","text":"United States","translatedtext":"Stati Uniti"},{"code":"185","token":"ZA","text":"South Africa","translatedtext":"Sudafrica"},{"code":"189","token":"SR","text":"Suriname","translatedtext":"Suriname"},{"code":"190","token":"SJ","text":"Svalbard","translatedtext":"Svalbard"},{"code":"192","token":"SE","text":"Sweden","translatedtext":"Svezia"},{"code":"193","token":"CH","text":"Switzerland","translatedtext":"Svizzera"},{"code":"191","token":"SZ","text":"Swaziland","translatedtext":"Swaziland"},{"code":"195","token":"TA","text":"Tahiti","translatedtext":"Tahiti"},{"code":"199","token":"TH","text":"Thailand","translatedtext":"Tailandia"},{"code":"196","token":"TW","text":"Taiwan","translatedtext":"Taiwan"},{"code":"197","token":"TJ","text":"Tajikistan","translatedtext":"Tajikistan"},{"code":"198","token":"TZ","text":"Tanzania","translatedtext":"Tanzania"},{"code":"200","token":"TG","text":"Togo","translatedtext":"Togo"},{"code":"201","token":"TO","text":"Tonga","translatedtext":"Tonga"},{"code":"202","token":"TT","text":"Trinidad and Tobago","translatedtext":"Trinidad e Tobago"},{"code":"203","token":"TN","text":"Tunisia","translatedtext":"Tunisia"},{"code":"204","token":"TR","text":"Turkey","translatedtext":"Turchia"},{"code":"205","token":"TM","text":"Turkmenistan","translatedtext":"Turkmenistan"},{"code":"207","token":"TV","text":"Tuvalu","translatedtext":"Tuvalu"},{"code":"209","token":"UA","text":"Ukraine","translatedtext":"Ucraina"},{"code":"208","token":"UG","text":"Uganda","translatedtext":"Uganda"},{"code":"93","token":"HU","text":"Hungary","translatedtext":"Ungheria"},{"code":"211","token":"UY","text":"Uruguay","translatedtext":"Uruguay"},{"code":"212","token":"UZ","text":"Uzbekistan","translatedtext":"Uzbekistan"},{"code":"213","token":"VU","text":"Vanuatu","translatedtext":"Vanuatu"},{"code":"215","token":"VE","text":"Venezuela","translatedtext":"Venezuela"},{"code":"216","token":"VN","text":"Vietnam","translatedtext":"Vietnam"},{"code":"218","token":"WF","text":"Wallis and Futuna","translatedtext":"Wallis e Futuna"},{"code":"221","token":"YE","text":"Yemen","translatedtext":"Yemen"},{"code":"223","token":"ZM","text":"Zambia","translatedtext":"Zambia"},{"code":"224","token":"ZW","text":"Zimbabwe","translatedtext":"Zimbabwe"}]}