{
    "states": [
        {
            "code": "0",
            "token": "default",
            "text": "Select your region",
            "translatedtext": "Choisissez votre région"
        },
        {
            "code": "0",
            "token": "Auvergne - Rhône-Alpes",
            "text": "Auvergne - Rhône-Alpes",
            "translatedtext": "Auvergne - Rhône-Alpes"
        },
        {
            "code": "0",
            "token": "Bretagne",
            "text": "Bretagne",
            "translatedtext": "Bretagne"
        },
        {
            "code": "0",
            "token": "Bourgogne - Franche-Comté",
            "text": "Bourgogne - Franche-Comté",
            "translatedtext": "Bourgogne - Franche-Comté"
        },
        {
            "code": "0",
            "token": "Corse",
            "text": "Corse",
            "translatedtext": "Corse"
        },
        {
            "code": "0",
            "token": "Centre - Val de Loire",
            "text": "Centre - Val de Loire",
            "translatedtext": "Centre - Val de Loire"
        },
        {
            "code": "0",
            "token": "Grand Est",
            "text": "Grand Est",
            "translatedtext": "Grand Est"
        },
        {
            "code": "0",
            "token": "Hauts de France",
            "text": "Hauts de France",
            "translatedtext": "Hauts de France"
        },
        {
            "code": "0",
            "token": "Ile de France",
            "text": "Ile de France",
            "translatedtext": "Ile de France"
        },
        {
            "code": "0",
            "token": "Nouvelle Aquitaine",
            "text": "Nouvelle Aquitaine",
            "translatedtext": "Nouvelle Aquitaine"
        },
        {
            "code": "0",
            "token": "Normandie",
            "text": "Normandie",
            "translatedtext": "Normandie"
        },
        {
            "code": "0",
            "token": "Occitanie",
            "text": "Occitanie",
            "translatedtext": "Occitanie"
        },
        {
            "code": "0",
            "token": "Pays de la Loire",
            "text": "Pays de la Loire",
            "translatedtext": "Pays de la Loire"
        },
        {
            "code": "0",
            "token": "Provence - Cote d'Azur",
            "text": "Provence - Cote d'Azur",
            "translatedtext": "Provence - Cote d'Azur"
        }
    ],
    "countries": [
        {
            "code": "71",
            "token": "FR",
            "text": "France",
            "translatedtext": "France métropolitaine"
        },
        {
            "code": "83",
            "token": "GP",
            "text": "Guadeloupe",
            "translatedtext": "Guadeloupe"
        },
        {
            "code": "72",
            "token": "GF",
            "text": "French Guiana",
            "translatedtext": "Guyane"
        },
        {
            "code": "132",
            "token": "MQ",
            "text": "Martinique",
            "translatedtext": "Martinique"
        },
        {
            "code": "135",
            "token": "YT",
            "text": "Mayotte",
            "translatedtext": "Mayotte"
        },
        {
            "code": "148",
            "token": "NC",
            "text": "New Caledonia",
            "translatedtext": "Nouvelle Calédonie"
        },
        {
            "code": "73",
            "token": "FP",
            "text": "French Polynesia",
            "translatedtext": "Polynésie française"
        },
        {
            "code": "227",
            "token": "RE",
            "text": "Reunion",
            "translatedtext": "Réunion"
        },
        {
            "code": "173",
            "token": "PM",
            "text": "Saint Pierre and Miquelon",
            "translatedtext": "Saint Pierre et Miquelon"
        },
        {
            "code": "218",
            "token": "WF",
            "text": "Wallis and Futuna",
            "translatedtext": "Wallis et Futuna"
        },
        {
            "code": "225",
            "token": "AP",
            "text": "APO/FPO",
            "translatedtext": "APO/FPO"
        },
        {
            "code": "4",
            "token": "AF",
            "text": "Afghanistan",
            "translatedtext": "Afghanistan"
        },
        {
            "code": "185",
            "token": "ZA",
            "text": "South Africa",
            "translatedtext": "Afrique du Sud"
        },
        {
            "code": "5",
            "token": "AL",
            "text": "Albania",
            "translatedtext": "Albanie"
        },
        {
            "code": "6",
            "token": "DZ",
            "text": "Algeria",
            "translatedtext": "Algérie"
        },
        {
            "code": "77",
            "token": "DE",
            "text": "Germany",
            "translatedtext": "Allemagne"
        },
        {
            "code": "8",
            "token": "AD",
            "text": "Andorra",
            "translatedtext": "Andorre"
        },
        {
            "code": "9",
            "token": "AO",
            "text": "Angola",
            "translatedtext": "Angola"
        },
        {
            "code": "10",
            "token": "AI",
            "text": "Anguilla",
            "translatedtext": "Anguilla"
        },
        {
            "code": "11",
            "token": "AG",
            "text": "Antigua and Barbuda",
            "translatedtext": "Antigua-et-Barbuda"
        },
        {
            "code": "176",
            "token": "SA",
            "text": "Saudi Arabia",
            "translatedtext": "Arabie Saoudite"
        },
        {
            "code": "12",
            "token": "AR",
            "text": "Argentina",
            "translatedtext": "Argentine"
        },
        {
            "code": "13",
            "token": "AM",
            "text": "Armenia",
            "translatedtext": "Arménie"
        },
        {
            "code": "14",
            "token": "AW",
            "text": "Aruba",
            "translatedtext": "Aruba"
        },
        {
            "code": "15",
            "token": "AU",
            "text": "Australia",
            "translatedtext": "Australie"
        },
        {
            "code": "16",
            "token": "AT",
            "text": "Austria",
            "translatedtext": "Autriche"
        },
        {
            "code": "18",
            "token": "BS",
            "text": "Bahamas",
            "translatedtext": "Bahamas"
        },
        {
            "code": "19",
            "token": "BH",
            "text": "Bahrain",
            "translatedtext": "Bahreïn"
        },
        {
            "code": "20",
            "token": "BD",
            "text": "Bangladesh",
            "translatedtext": "Bangladesh"
        },
        {
            "code": "21",
            "token": "BB",
            "text": "Barbados",
            "translatedtext": "Barbade (la)"
        },
        {
            "code": "23",
            "token": "BE",
            "text": "Belgium",
            "translatedtext": "Belgique"
        },
        {
            "code": "24",
            "token": "BZ",
            "text": "Belize",
            "translatedtext": "Belize"
        },
        {
            "code": "25",
            "token": "BJ",
            "text": "Benin",
            "translatedtext": "Bénin"
        },
        {
            "code": "26",
            "token": "BM",
            "text": "Bermuda",
            "translatedtext": "Bermudes"
        },
        {
            "code": "27",
            "token": "BT",
            "text": "Bhutan",
            "translatedtext": "Bhoutan"
        },
        {
            "code": "22",
            "token": "BY",
            "text": "Belarus",
            "translatedtext": "Biélorussie"
        },
        {
            "code": "28",
            "token": "BO",
            "text": "Bolivia",
            "translatedtext": "Bolivie"
        },
        {
            "code": "29",
            "token": "BA",
            "text": "Bosnia and Herzegovina",
            "translatedtext": "Bosnie-Herzégovine"
        },
        {
            "code": "30",
            "token": "BW",
            "text": "Botswana",
            "translatedtext": "Botswana"
        },
        {
            "code": "31",
            "token": "BR",
            "text": "Brazil",
            "translatedtext": "Brésil"
        },
        {
            "code": "33",
            "token": "BN",
            "text": "Brunei Darussalam",
            "translatedtext": "Brunei"
        },
        {
            "code": "34",
            "token": "BG",
            "text": "Bulgaria",
            "translatedtext": "Bulgarie"
        },
        {
            "code": "35",
            "token": "BF",
            "text": "Burkina Faso",
            "translatedtext": "Burkina Faso"
        },
        {
            "code": "37",
            "token": "BI",
            "text": "Burundi",
            "translatedtext": "Burundi"
        },
        {
            "code": "38",
            "token": "KH",
            "text": "Cambodia",
            "translatedtext": "Cambodge"
        },
        {
            "code": "39",
            "token": "CM",
            "text": "Cameroon",
            "translatedtext": "Cameroun"
        },
        {
            "code": "2",
            "token": "CA",
            "text": "Canada",
            "translatedtext": "Canada"
        },
        {
            "code": "44",
            "token": "CL",
            "text": "Chile",
            "translatedtext": "Chili"
        },
        {
            "code": "45",
            "token": "CN",
            "text": "China Mainland",
            "translatedtext": "Chine continentale"
        },
        {
            "code": "55",
            "token": "CY",
            "text": "Cyprus",
            "translatedtext": "Chypre"
        },
        {
            "code": "46",
            "token": "CO",
            "text": "Colombia",
            "translatedtext": "Colombie"
        },
        {
            "code": "47",
            "token": "KM",
            "text": "Comoros",
            "translatedtext": "Comores"
        },
        {
            "code": "49",
            "token": "CG",
            "text": "Congo, Republic of the",
            "translatedtext": "Congo"
        },
        {
            "code": "48",
            "token": "CD",
            "text": "Congo, Democratic Republic of the",
            "translatedtext": "Congo, République démocratique du"
        },
        {
            "code": "111",
            "token": "KR",
            "text": "Korea, South",
            "translatedtext": "Corée du Sud"
        },
        {
            "code": "51",
            "token": "CR",
            "text": "Costa Rica",
            "translatedtext": "Costa Rica"
        },
        {
            "code": "52",
            "token": "CI",
            "text": "Cote d Ivoire (Ivory Coast)",
            "translatedtext": "Côte d'Ivoire"
        },
        {
            "code": "53",
            "token": "HR",
            "text": "Croatia, Republic of",
            "translatedtext": "Croatie"
        },
        {
            "code": "57",
            "token": "DK",
            "text": "Denmark",
            "translatedtext": "Danemark"
        },
        {
            "code": "58",
            "token": "DJ",
            "text": "Djibouti",
            "translatedtext": "Djibouti"
        },
        {
            "code": "59",
            "token": "DM",
            "text": "Dominica",
            "translatedtext": "Dominique"
        },
        {
            "code": "62",
            "token": "EG",
            "text": "Egypt",
            "translatedtext": "Égypte"
        },
        {
            "code": "210",
            "token": "AE",
            "text": "United Arab Emirates",
            "translatedtext": "Émirats arabes unis"
        },
        {
            "code": "61",
            "token": "EC",
            "text": "Ecuador",
            "translatedtext": "Équateur"
        },
        {
            "code": "65",
            "token": "ER",
            "text": "Eritrea",
            "translatedtext": "Érythrée"
        },
        {
            "code": "186",
            "token": "ES",
            "text": "Spain",
            "translatedtext": "Espagne"
        },
        {
            "code": "66",
            "token": "EE",
            "text": "Estonia",
            "translatedtext": "Estonie"
        },
        {
            "code": "1",
            "token": "US",
            "text": "United States",
            "translatedtext": "États-Unis"
        },
        {
            "code": "67",
            "token": "ET",
            "text": "Ethiopia",
            "translatedtext": "Éthiopie"
        },
        {
            "code": "69",
            "token": "FJ",
            "text": "Fiji",
            "translatedtext": "Fidji"
        },
        {
            "code": "70",
            "token": "FI",
            "text": "Finland",
            "translatedtext": "Finlande"
        },
        {
            "code": "74",
            "token": "GA",
            "text": "Gabon Republic",
            "translatedtext": "Gabon"
        },
        {
            "code": "75",
            "token": "GM",
            "text": "Gambia",
            "translatedtext": "Gambie"
        },
        {
            "code": "76",
            "token": "GE",
            "text": "Georgia",
            "translatedtext": "Géorgie"
        },
        {
            "code": "78",
            "token": "GH",
            "text": "Ghana",
            "translatedtext": "Ghana"
        },
        {
            "code": "79",
            "token": "GI",
            "text": "Gibraltar",
            "translatedtext": "Gibraltar"
        },
        {
            "code": "80",
            "token": "GR",
            "text": "Greece",
            "translatedtext": "Grèce"
        },
        {
            "code": "81",
            "token": "GL",
            "text": "Greenland",
            "translatedtext": "Groenland"
        },
        {
            "code": "82",
            "token": "GD",
            "text": "Grenada",
            "translatedtext": "Grenade"
        },
        {
            "code": "84",
            "token": "GU",
            "text": "Guam",
            "translatedtext": "Guam"
        },
        {
            "code": "85",
            "token": "GT",
            "text": "Guatemala",
            "translatedtext": "Guatemala"
        },
        {
            "code": "86",
            "token": "GG",
            "text": "Guernsey",
            "translatedtext": "Guernesey"
        },
        {
            "code": "87",
            "token": "GN",
            "text": "Guinea",
            "translatedtext": "Guinée"
        },
        {
            "code": "88",
            "token": "GW",
            "text": "Guinea-Bissau",
            "translatedtext": "Guinée-Bissau"
        },
        {
            "code": "64",
            "token": "GQ",
            "text": "Equatorial Guinea",
            "translatedtext": "Guinée Equatoriale"
        },
        {
            "code": "89",
            "token": "GY",
            "text": "Guyana",
            "translatedtext": "Guyane"
        },
        {
            "code": "90",
            "token": "HT",
            "text": "Haiti",
            "translatedtext": "Haïti"
        },
        {
            "code": "91",
            "token": "HN",
            "text": "Honduras",
            "translatedtext": "Honduras"
        },
        {
            "code": "92",
            "token": "HK",
            "text": "Hong Kong",
            "translatedtext": "Hong Kong"
        },
        {
            "code": "93",
            "token": "HU",
            "text": "Hungary",
            "translatedtext": "Hongrie"
        },
        {
            "code": "41",
            "token": "KY",
            "text": "Cayman Islands",
            "translatedtext": "Îles Cayman"
        },
        {
            "code": "50",
            "token": "CK",
            "text": "Cook Islands",
            "translatedtext": "Îles Cook"
        },
        {
            "code": "40",
            "token": "CV",
            "text": "Cape Verde Islands",
            "translatedtext": "Îles du Cap Vert"
        },
        {
            "code": "68",
            "token": "FK",
            "text": "Falkland Islands (Islas Malvinas)",
            "translatedtext": "Îles Falkland (Îles Malvinas)"
        },
        {
            "code": "131",
            "token": "MH",
            "text": "Marshall Islands",
            "translatedtext": "Îles Marshall"
        },
        {
            "code": "183",
            "token": "SB",
            "text": "Solomon Islands",
            "translatedtext": "Îles Salomon"
        },
        {
            "code": "206",
            "token": "TC",
            "text": "Turks and Caicos Islands",
            "translatedtext": "Îles Turques et Caïques"
        },
        {
            "code": "32",
            "token": "IO",
            "text": "British Virgin Islands",
            "translatedtext": "Îles Vierges britanniques"
        },
        {
            "code": "217",
            "token": "VI",
            "text": "Virgin Islands (U.S.)",
            "translatedtext": "Îles Vierges américaines"
        },
        {
            "code": "95",
            "token": "IN",
            "text": "India",
            "translatedtext": "Inde"
        },
        {
            "code": "96",
            "token": "ID",
            "text": "Indonesia",
            "translatedtext": "Indonésie"
        },
        {
            "code": "99",
            "token": "IE",
            "text": "Ireland",
            "translatedtext": "Irlande (Eire)"
        },
        {
            "code": "94",
            "token": "IS",
            "text": "Iceland",
            "translatedtext": "Islande"
        },
        {
            "code": "100",
            "token": "IL",
            "text": "Israel",
            "translatedtext": "Israël"
        },
        {
            "code": "101",
            "token": "IT",
            "text": "Italy",
            "translatedtext": "Italie"
        },
        {
            "code": "102",
            "token": "JM",
            "text": "Jamaica",
            "translatedtext": "Jamaïque"
        },
        {
            "code": "103",
            "token": "JN",
            "text": "Jan Mayen",
            "translatedtext": "Jan Mayen"
        },
        {
            "code": "104",
            "token": "JP",
            "text": "Japan",
            "translatedtext": "Japon"
        },
        {
            "code": "105",
            "token": "JE",
            "text": "Jersey",
            "translatedtext": "Jersey"
        },
        {
            "code": "106",
            "token": "JO",
            "text": "Jordan",
            "translatedtext": "Jordanie"
        },
        {
            "code": "107",
            "token": "KZ",
            "text": "Kazakhstan",
            "translatedtext": "Kazakhstan"
        },
        {
            "code": "108",
            "token": "KE",
            "text": "Kenya Coast Republic",
            "translatedtext": "Kenya"
        },
        {
            "code": "109",
            "token": "KI",
            "text": "Kiribati",
            "translatedtext": "Kiribati"
        },
        {
            "code": "112",
            "token": "KW",
            "text": "Kuwait",
            "translatedtext": "Koweït"
        },
        {
            "code": "113",
            "token": "KG",
            "text": "Kyrgyzstan",
            "translatedtext": "Kirgizistan"
        },
        {
            "code": "114",
            "token": "LA",
            "text": "Laos",
            "translatedtext": "Laos"
        },
        {
            "code": "115",
            "token": "LV",
            "text": "Latvia",
            "translatedtext": "Lettonie"
        },
        {
            "code": "116",
            "token": "LB",
            "text": "Lebanon",
            "translatedtext": "Liban"
        },
        {
            "code": "120",
            "token": "LI",
            "text": "Liechtenstein",
            "translatedtext": "Liechtenstein"
        },
        {
            "code": "121",
            "token": "LT",
            "text": "Lithuania",
            "translatedtext": "Lituanie"
        },
        {
            "code": "122",
            "token": "LU",
            "text": "Luxembourg",
            "translatedtext": "Luxembourg"
        },
        {
            "code": "123",
            "token": "MO",
            "text": "Macau",
            "translatedtext": "Macao"
        },
        {
            "code": "124",
            "token": "MK",
            "text": "Macedonia",
            "translatedtext": "Macédoine"
        },
        {
            "code": "125",
            "token": "MG",
            "text": "Madagascar",
            "translatedtext": "Madagascar"
        },
        {
            "code": "127",
            "token": "MY",
            "text": "Malaysia",
            "translatedtext": "Malaisie"
        },
        {
            "code": "126",
            "token": "MW",
            "text": "Malawi",
            "translatedtext": "Malawi"
        },
        {
            "code": "128",
            "token": "MV",
            "text": "Maldives",
            "translatedtext": "Maldives (îles)"
        },
        {
            "code": "129",
            "token": "ML",
            "text": "Mali",
            "translatedtext": "Mali"
        },
        {
            "code": "130",
            "token": "MT",
            "text": "Malta",
            "translatedtext": "Malte"
        },
        {
            "code": "141",
            "token": "MA",
            "text": "Morocco",
            "translatedtext": "Maroc"
        },
        {
            "code": "134",
            "token": "MU",
            "text": "Mauritius",
            "translatedtext": "Maurice (île)"
        },
        {
            "code": "133",
            "token": "MR",
            "text": "Mauritania",
            "translatedtext": "Mauritanie"
        },
        {
            "code": "136",
            "token": "MX",
            "text": "Mexico",
            "translatedtext": "Mexique"
        },
        {
            "code": "226",
            "token": "FM",
            "text": "Micronesia",
            "translatedtext": "Micronesia"
        },
        {
            "code": "137",
            "token": "MD",
            "text": "Moldova",
            "translatedtext": "Moldavie"
        },
        {
            "code": "138",
            "token": "MC",
            "text": "Monaco",
            "translatedtext": "Monaco"
        },
        {
            "code": "139",
            "token": "MN",
            "text": "Mongolia",
            "translatedtext": "Mongolie"
        },
        {
            "code": "228",
            "token": "ME",
            "text": "Montenegro",
            "translatedtext": "Monténégro"
        },
        {
            "code": "140",
            "token": "MS",
            "text": "Montserrat",
            "translatedtext": "Montserrat"
        },
        {
            "code": "142",
            "token": "MZ",
            "text": "Mozambique",
            "translatedtext": "Mozambique"
        },
        {
            "code": "143",
            "token": "NA",
            "text": "Namibia",
            "translatedtext": "Namibie"
        },
        {
            "code": "144",
            "token": "NR",
            "text": "Nauru",
            "translatedtext": "Nauru"
        },
        {
            "code": "145",
            "token": "NP",
            "text": "Nepal",
            "translatedtext": "Népal"
        },
        {
            "code": "150",
            "token": "NI",
            "text": "Nicaragua",
            "translatedtext": "Nicaragua"
        },
        {
            "code": "151",
            "token": "NE",
            "text": "Niger",
            "translatedtext": "Niger"
        },
        {
            "code": "152",
            "token": "NG",
            "text": "Nigeria",
            "translatedtext": "Nigeria"
        },
        {
            "code": "153",
            "token": "NU",
            "text": "Niue",
            "translatedtext": "Niue"
        },
        {
            "code": "154",
            "token": "NO",
            "text": "Norway",
            "translatedtext": "Norvège"
        },
        {
            "code": "149",
            "token": "NZ",
            "text": "New Zealand",
            "translatedtext": "Nouvelle Zélande"
        },
        {
            "code": "155",
            "token": "OM",
            "text": "Oman",
            "translatedtext": "Oman"
        },
        {
            "code": "208",
            "token": "UG",
            "text": "Uganda",
            "translatedtext": "Ouganda"
        },
        {
            "code": "212",
            "token": "UZ",
            "text": "Uzbekistan",
            "translatedtext": "Ouzbékistan"
        },
        {
            "code": "156",
            "token": "PK",
            "text": "Pakistan",
            "translatedtext": "Pakistan"
        },
        {
            "code": "157",
            "token": "PW",
            "text": "Palau",
            "translatedtext": "Palau"
        },
        {
            "code": "158",
            "token": "PA",
            "text": "Panama",
            "translatedtext": "Panama"
        },
        {
            "code": "160",
            "token": "PY",
            "text": "Paraguay",
            "translatedtext": "Paraguay"
        },
        {
            "code": "159",
            "token": "PG",
            "text": "Papua New Guinea",
            "translatedtext": "Papouasie Nouvelle-Guinée"
        },
        {
            "code": "146",
            "token": "NL",
            "text": "Netherlands",
            "translatedtext": "Pays-Bas"
        },
        {
            "code": "161",
            "token": "PE",
            "text": "Peru",
            "translatedtext": "Pérou"
        },
        {
            "code": "162",
            "token": "PH",
            "text": "Philippines",
            "translatedtext": "Philippines"
        },
        {
            "code": "163",
            "token": "PL",
            "text": "Poland",
            "translatedtext": "Pologne"
        },
        {
            "code": "164",
            "token": "PT",
            "text": "Portugal",
            "translatedtext": "Portugal"
        },
        {
            "code": "165",
            "token": "PR",
            "text": "Puerto Rico",
            "translatedtext": "Porto Rico"
        },
        {
            "code": "166",
            "token": "QA",
            "text": "Qatar",
            "translatedtext": "Qatar"
        },
        {
            "code": "17",
            "token": "AZ",
            "text": "Azerbaijan Republic",
            "translatedtext": "République d'Azerbaïdjan"
        },
        {
            "code": "42",
            "token": "CF",
            "text": "Central African Republic",
            "translatedtext": "République centrafricaine"
        },
        {
            "code": "60",
            "token": "DO",
            "text": "Dominican Republic",
            "translatedtext": "République dominicaine"
        },
        {
            "code": "56",
            "token": "CZ",
            "text": "Czech Republic",
            "translatedtext": "République tchèque"
        },
        {
            "code": "167",
            "token": "RO",
            "text": "Romania",
            "translatedtext": "Roumanie"
        },
        {
            "code": "3",
            "token": "GB",
            "text": "United Kingdom",
            "translatedtext": "Royaume-Uni"
        },
        {
            "code": "168",
            "token": "RU",
            "text": "Russian Federation",
            "translatedtext": "Russie"
        },
        {
            "code": "169",
            "token": "RW",
            "text": "Rwanda",
            "translatedtext": "Rwanda"
        },
        {
            "code": "219",
            "token": "EH",
            "text": "Western Sahara",
            "translatedtext": "Sahara-Occidental"
        },
        {
            "code": "170",
            "token": "SH",
            "text": "Saint Helena",
            "translatedtext": "Sainte Helena"
        },
        {
            "code": "171",
            "token": "KN",
            "text": "Saint Kitts-Nevis",
            "translatedtext": "Saint Kitts-Nevis"
        },
        {
            "code": "172",
            "token": "LC",
            "text": "Saint Lucia",
            "translatedtext": "Sainte Lucie"
        },
        {
            "code": "175",
            "token": "SM",
            "text": "San Marino",
            "translatedtext": "Saint Marin"
        },
        {
            "code": "174",
            "token": "VC",
            "text": "Saint Vincent and the Grenadines",
            "translatedtext": "Saint Vincent et Grenadines"
        },
        {
            "code": "63",
            "token": "SV",
            "text": "El Salvador",
            "translatedtext": "Salvador"
        },
        {
            "code": "7",
            "token": "AS",
            "text": "American Samoa",
            "translatedtext": "Samoa américaines"
        },
        {
            "code": "220",
            "token": "WS",
            "text": "Western Samoa",
            "translatedtext": "Samoa occidentales"
        },
        {
            "code": "177",
            "token": "SN",
            "text": "Senegal",
            "translatedtext": "Sénégal"
        },
        {
            "code": "229",
            "token": "RS",
            "text": "Serbia",
            "translatedtext": "Serbie"
        },
        {
            "code": "178",
            "token": "SC",
            "text": "Seychelles",
            "translatedtext": "Seychelles"
        },
        {
            "code": "179",
            "token": "SL",
            "text": "Sierra Leone",
            "translatedtext": "Sierra Leone"
        },
        {
            "code": "180",
            "token": "SG",
            "text": "Singapore",
            "translatedtext": "Singapour"
        },
        {
            "code": "181",
            "token": "SK",
            "text": "Slovakia",
            "translatedtext": "Slovaquie"
        },
        {
            "code": "182",
            "token": "SI",
            "text": "Slovenia",
            "translatedtext": "Slovénie"
        },
        {
            "code": "184",
            "token": "SO",
            "text": "Somalia",
            "translatedtext": "Somalie"
        },
        {
            "code": "191",
            "token": "SZ",
            "text": "Swaziland",
            "translatedtext": "Souaziland"
        },
        {
            "code": "187",
            "token": "LK",
            "text": "Sri Lanka",
            "translatedtext": "Sri Lanka"
        },
        {
            "code": "192",
            "token": "SE",
            "text": "Sweden",
            "translatedtext": "Suède"
        },
        {
            "code": "193",
            "token": "CH",
            "text": "Switzerland",
            "translatedtext": "Suisse"
        },
        {
            "code": "189",
            "token": "SR",
            "text": "Suriname",
            "translatedtext": "Suriname"
        },
        {
            "code": "190",
            "token": "SJ",
            "text": "Svalbard",
            "translatedtext": "Svalbard"
        },
        {
            "code": "195",
            "token": "TA",
            "text": "Tahiti",
            "translatedtext": "Tahiti"
        },
        {
            "code": "196",
            "token": "TW",
            "text": "Taiwan",
            "translatedtext": "Taiwan"
        },
        {
            "code": "197",
            "token": "TJ",
            "text": "Tajikistan",
            "translatedtext": "Tajikistan"
        },
        {
            "code": "198",
            "token": "TZ",
            "text": "Tanzania",
            "translatedtext": "Tanzanie"
        },
        {
            "code": "43",
            "token": "TD",
            "text": "Chad",
            "translatedtext": "Tchad"
        },
        {
            "code": "199",
            "token": "TH",
            "text": "Thailand",
            "translatedtext": "Thailande"
        },
        {
            "code": "200",
            "token": "TG",
            "text": "Togo",
            "translatedtext": "Togo"
        },
        {
            "code": "201",
            "token": "TO",
            "text": "Tonga",
            "translatedtext": "Tonga"
        },
        {
            "code": "202",
            "token": "TT",
            "text": "Trinidad and Tobago",
            "translatedtext": "Trinité-et-Tobago"
        },
        {
            "code": "203",
            "token": "TN",
            "text": "Tunisia",
            "translatedtext": "Tunisie"
        },
        {
            "code": "204",
            "token": "TR",
            "text": "Turkey",
            "translatedtext": "Turquie"
        },
        {
            "code": "205",
            "token": "TM",
            "text": "Turkmenistan",
            "translatedtext": "Turkménistan"
        },
        {
            "code": "207",
            "token": "TV",
            "text": "Tuvalu",
            "translatedtext": "Tuvalu"
        },
        {
            "code": "209",
            "token": "UA",
            "text": "Ukraine",
            "translatedtext": "Ukraine"
        },
        {
            "code": "211",
            "token": "UY",
            "text": "Uruguay",
            "translatedtext": "Uruguay"
        },
        {
            "code": "213",
            "token": "VU",
            "text": "Vanuatu",
            "translatedtext": "Vanuatu"
        },
        {
            "code": "214",
            "token": "VA",
            "text": "Vatican City State",
            "translatedtext": "Vatican"
        },
        {
            "code": "215",
            "token": "VE",
            "text": "Venezuela",
            "translatedtext": "Vénézuela"
        },
        {
            "code": "216",
            "token": "VN",
            "text": "Vietnam",
            "translatedtext": "Vietnam"
        },
        {
            "code": "221",
            "token": "YE",
            "text": "Yemen",
            "translatedtext": "Yémen"
        },
        {
            "code": "223",
            "token": "ZM",
            "text": "Zambia",
            "translatedtext": "Zambie"
        },
        {
            "code": "224",
            "token": "ZW",
            "text": "Zimbabwe",
            "translatedtext": "Zimbabwe"
        }
    ],
    "nationalities": [
        {
          "code": "1",
          "text": "United States",
          "translatedtext": "États-Unis",
          "token": "US"
        },
        {
          "code": "2",
          "text": "Canada",
          "translatedtext": "Canada",
          "token": "CA"
        },
        {
          "code": "3",
          "text": "United Kingdom",
          "translatedtext": "Royaume-Uni",
          "token": "GB"
        },
        {
          "code": "4",
          "text": "Afghanistan",
          "translatedtext": "Afghanistan",
          "token": "AF"
        },
        {
          "code": "5",
          "text": "Albania",
          "translatedtext": "Albanie",
          "token": "AL"
        },
        {
          "code": "6",
          "text": "Algeria",
          "translatedtext": "Algérie",
          "token": "DZ"
        },
        {
          "code": "7",
          "text": "American Samoa",
          "translatedtext": "Samoa américaines",
          "token": "AS"
        },
        {
          "code": "8",
          "text": "Andorra",
          "translatedtext": "Andorre",
          "token": "AD"
        },
        {
          "code": "9",
          "text": "Angola",
          "translatedtext": "Angola",
          "token": "AO"
        },
        {
          "code": "10",
          "text": "Anguilla",
          "translatedtext": "Anguilla",
          "token": "AI"
        },
        {
          "code": "11",
          "text": "Antigua and Barbuda",
          "translatedtext": "Antigua-et-Barbuda",
          "token": "AG"
        },
        {
          "code": "12",
          "text": "Argentina",
          "translatedtext": "Argentine",
          "token": "AR"
        },
        {
          "code": "13",
          "text": "Armenia",
          "translatedtext": "Arménie",
          "token": "AM"
        },
        {
          "code": "14",
          "text": "Aruba",
          "translatedtext": "Aruba",
          "token": "AW"
        },
        {
          "code": "15",
          "text": "Australia",
          "translatedtext": "Australie",
          "token": "AU"
        },
        {
          "code": "16",
          "text": "Austria",
          "translatedtext": "Autriche",
          "token": "AT"
        },
        {
          "code": "17",
          "text": "Azerbaijan Republic",
          "translatedtext": "Azerbaïdjan",
          "token": "AZ"
        },
        {
          "code": "18",
          "text": "Bahamas",
          "translatedtext": "Bahamas",
          "token": "BS"
        },
        {
          "code": "19",
          "text": "Bahrain",
          "translatedtext": "Bahreïn",
          "token": "BH"
        },
        {
          "code": "20",
          "text": "Bangladesh",
          "translatedtext": "Bangladesh",
          "token": "BD"
        },
        {
          "code": "21",
          "text": "Barbados",
          "translatedtext": "Barbade",
          "token": "BB"
        },
        {
          "code": "22",
          "text": "Belarus",
          "translatedtext": "Biélorussie",
          "token": "BY"
        },
        {
          "code": "23",
          "text": "Belgium",
          "translatedtext": "Belgique",
          "token": "BE"
        },
        {
          "code": "24",
          "text": "Belize",
          "translatedtext": "Belize",
          "token": "BZ"
        },
        {
          "code": "25",
          "text": "Benin",
          "translatedtext": "Bénin",
          "token": "BJ"
        },
        {
          "code": "26",
          "text": "Bermuda",
          "translatedtext": "Bermudes",
          "token": "BM"
        },
        {
          "code": "27",
          "text": "Bhutan",
          "translatedtext": "Bhoutan",
          "token": "BT"
        },
        {
          "code": "28",
          "text": "Bolivia",
          "translatedtext": "Bolivie",
          "token": "BO"
        },
        {
          "code": "29",
          "text": "Bosnia and Herzegovina",
          "translatedtext": "Bosnie-Herzégovine",
          "token": "BA"
        },
        {
          "code": "30",
          "text": "Botswana",
          "translatedtext": "Botswana",
          "token": "BW"
        },
        {
          "code": "31",
          "text": "Brazil",
          "translatedtext": "Brésil",
          "token": "BR"
        },
        {
          "code": "32",
          "text": "British Virgin Islands",
          "translatedtext": "Îles Vierges britanniques",
          "token": "IO"
        },
        {
          "code": "33",
          "text": "Brunei Darussalam",
          "translatedtext": "Brunei Darussalam",
          "token": "BN"
        },
        {
          "code": "34",
          "text": "Bulgaria",
          "translatedtext": "Bulgarie",
          "token": "BG"
        },
        {
          "code": "35",
          "text": "Burkina Faso",
          "translatedtext": "Burkina Faso",
          "token": "BF"
        },
        {
          "code": "36",
          "text": "Myanmar",
          "translatedtext": "Myanmar (Birmanie)",
          "token": "MM"
        },
        {
          "code": "37",
          "text": "Burundi",
          "translatedtext": "Burundi",
          "token": "BI"
        },
        {
          "code": "38",
          "text": "Cambodia",
          "translatedtext": "Cambodge",
          "token": "KH"
        },
        {
          "code": "39",
          "text": "Cameroon",
          "translatedtext": "Cameroun",
          "token": "CM"
        },
        {
          "code": "40",
          "text": "Cape Verde Islands",
          "translatedtext": "Cap-Vert",
          "token": "CV"
        },
        {
          "code": "41",
          "text": "Cayman Islands",
          "translatedtext": "Îles Caïmans",
          "token": "KY"
        },
        {
          "code": "42",
          "text": "Central African Republic",
          "translatedtext": "République centrafricaine",
          "token": "CF"
        },
        {
          "code": "43",
          "text": "Chad",
          "translatedtext": "Tchad",
          "token": "TD"
        },
        {
          "code": "44",
          "text": "Chile",
          "translatedtext": "Chili",
          "token": "CL"
        },
        {
          "code": "45",
          "text": "China Mainland",
          "translatedtext": "Chine continentale",
          "token": "CN"
        },
        {
          "code": "46",
          "text": "Colombia",
          "translatedtext": "Colombie",
          "token": "CO"
        },
        {
          "code": "47",
          "text": "Comoros",
          "translatedtext": "Comores",
          "token": "KM"
        },
        {
          "code": "48",
          "text": "Congo, Democratic Republic of the",
          "translatedtext": "République démocratique du Congo",
          "token": "CD"
        },
        {
          "code": "49",
          "text": "Congo, Republic of the",
          "translatedtext": "République du Congo",
          "token": "CG"
        },
        {
          "code": "50",
          "text": "Cook Islands",
          "translatedtext": "Îles Cook",
          "token": "CK"
        },
        {
          "code": "51",
          "text": "Costa Rica",
          "translatedtext": "Costa Rica",
          "token": "CR"
        },
        {
          "code": "52",
          "text": "Cote d Ivoire (Ivory Coast)",
          "translatedtext": "Côte d'Ivoire",
          "token": "CI"
        },
        {
          "code": "53",
          "text": "Croatia, Republic of",
          "translatedtext": "Croatie",
          "token": "HR"
        },
        {
          "code": "54",
          "text": "Cuba",
          "translatedtext": "Cuba",
          "token": "CU"
        },
        {
          "code": "55",
          "text": "Cyprus",
          "translatedtext": "Chypre",
          "token": "CY"
        },
        {
          "code": "56",
          "text": "Czech Republic",
          "translatedtext": "République tchèque",
          "token": "CZ"
        },
        {
          "code": "57",
          "text": "Denmark",
          "translatedtext": "Danemark",
          "token": "DK"
        },
        {
          "code": "58",
          "text": "Djibouti",
          "translatedtext": "Djibouti",
          "token": "DJ"
        },
        {
          "code": "59",
          "text": "Dominica",
          "translatedtext": "Dominique",
          "token": "DM"
        },
        {
          "code": "60",
          "text": "Dominican Republic",
          "translatedtext": "République dominicaine",
          "token": "DO"
        },
        {
          "code": "61",
          "text": "Ecuador",
          "translatedtext": "Équateur",
          "token": "EC"
        },
        {
          "code": "62",
          "text": "Egypt",
          "translatedtext": "Égypte",
          "token": "EG"
        },
        {
          "code": "63",
          "text": "El Salvador",
          "translatedtext": "Salvador",
          "token": "SV"
        },
        {
          "code": "64",
          "text": "Equatorial Guinea",
          "translatedtext": "Guinée équatoriale",
          "token": "GQ"
        },
        {
          "code": "65",
          "text": "Eritrea",
          "translatedtext": "Érythrée",
          "token": "ER"
        },
        {
          "code": "66",
          "text": "Estonia",
          "translatedtext": "Estonie",
          "token": "EE"
        },
        {
          "code": "67",
          "text": "Ethiopia",
          "translatedtext": "Éthiopie",
          "token": "ET"
        },
        {
          "code": "68",
          "text": "Falkland Islands (Islas Malvinas)",
          "translatedtext": "Îles Malouines",
          "token": "FK"
        },
        {
          "code": "69",
          "text": "Fiji",
          "translatedtext": "Fidji",
          "token": "FJ"
        },
        {
          "code": "70",
          "text": "Finland",
          "translatedtext": "Finlande",
          "token": "FI"
        },
        {
          "code": "71",
          "text": "France",
          "translatedtext": "France",
          "token": "FR"
        },
        {
          "code": "72",
          "text": "French Guiana",
          "translatedtext": "Guyane",
          "token": "GF"
        },
        {
          "code": "73",
          "text": "French Polynesia",
          "translatedtext": "Polynésie française",
          "token": "FP"
        },
        {
          "code": "74",
          "text": "Gabon Republic",
          "translatedtext": "Gabon",
          "token": "GA"
        },
        {
          "code": "75",
          "text": "Gambia",
          "translatedtext": "Gambie",
          "token": "GM"
        },
        {
          "code": "76",
          "text": "Georgia",
          "translatedtext": "Géorgie",
          "token": "GE"
        },
        {
          "code": "77",
          "text": "Germany",
          "translatedtext": "Allemagne",
          "token": "DE"
        },
        {
          "code": "78",
          "text": "Ghana",
          "translatedtext": "Ghana",
          "token": "GH"
        },
        {
          "code": "79",
          "text": "Gibraltar",
          "translatedtext": "Gibraltar",
          "token": "GI"
        },
        {
          "code": "80",
          "text": "Greece",
          "translatedtext": "Grèce",
          "token": "GR"
        },
        {
          "code": "81",
          "text": "Greenland",
          "translatedtext": "Groenland",
          "token": "GL"
        },
        {
          "code": "82",
          "text": "Grenada",
          "translatedtext": "Grenade",
          "token": "GD"
        },
        {
          "code": "83",
          "text": "Guadeloupe",
          "translatedtext": "Guadeloupe",
          "token": "GP"
        },
        {
          "code": "84",
          "text": "Guam",
          "translatedtext": "Guam",
          "token": "GU"
        },
        {
          "code": "85",
          "text": "Guatemala",
          "translatedtext": "Guatemala",
          "token": "GT"
        },
        {
          "code": "86",
          "text": "Guernsey",
          "translatedtext": "Guernesey",
          "token": "GG"
        },
        {
          "code": "87",
          "text": "Guinea",
          "translatedtext": "Guinée",
          "token": "GN"
        },
        {
          "code": "88",
          "text": "Guinea-Bissau",
          "translatedtext": "Guinée-Bissau",
          "token": "GW"
        },
        {
          "code": "89",
          "text": "Guyana",
          "translatedtext": "Guyana",
          "token": "GY"
        },
        {
          "code": "90",
          "text": "Haiti",
          "translatedtext": "Haïti",
          "token": "HT"
        },
        {
          "code": "91",
          "text": "Honduras",
          "translatedtext": "Honduras",
          "token": "HN"
        },
        {
          "code": "92",
          "text": "Hong Kong",
          "translatedtext": "Hong Kong",
          "token": "HK"
        },
        {
          "code": "93",
          "text": "Hungary",
          "translatedtext": "Hongrie",
          "token": "HU"
        },
        {
          "code": "94",
          "text": "Iceland",
          "translatedtext": "Islande",
          "token": "IS"
        },
        {
          "code": "95",
          "text": "India",
          "translatedtext": "Inde",
          "token": "IN"
        },
        {
          "code": "96",
          "text": "Indonesia",
          "translatedtext": "Indonésie",
          "token": "ID"
        },
        {
          "code": "97",
          "text": "Iran",
          "translatedtext": "Iran",
          "token": "IR"
        },
        {
          "code": "98",
          "text": "Iraq",
          "translatedtext": "Irak",
          "token": "IQ"
        },
        {
          "code": "99",
          "text": "Ireland",
          "translatedtext": "Irlande",
          "token": "IE"
        },
        {
          "code": "100",
          "text": "Israel",
          "translatedtext": "Israël",
          "token": "IL"
        },
        {
          "code": "101",
          "text": "Italy",
          "translatedtext": "Italie",
          "token": "IT"
        },
        {
          "code": "102",
          "text": "Jamaica",
          "translatedtext": "Jamaïque",
          "token": "JM"
        },
        {
          "code": "103",
          "text": "Jan Mayen",
          "translatedtext": "Île Jan Mayen",
          "token": "JN"
        },
        {
          "code": "104",
          "text": "Japan",
          "translatedtext": "Japon",
          "token": "JP"
        },
        {
          "code": "105",
          "text": "Jersey",
          "translatedtext": "Jersey",
          "token": "JE"
        },
        {
          "code": "106",
          "text": "Jordan",
          "translatedtext": "Jordanie",
          "token": "JO"
        },
        {
          "code": "107",
          "text": "Kazakhstan",
          "translatedtext": "Kazakhstan",
          "token": "KZ"
        },
        {
          "code": "108",
          "text": "Kenya",
          "translatedtext": "Kenya",
          "token": "KE"
        },
        {
          "code": "109",
          "text": "Kiribati",
          "translatedtext": "Kiribati",
          "token": "KI"
        },
        {
          "code": "110",
          "text": "North Korea",
          "translatedtext": "Corée du Nord",
          "token": "KP"
        },
        {
          "code": "111",
          "text": "Korea, South",
          "translatedtext": "Corée du Sud",
          "token": "KR"
        },
        {
          "code": "112",
          "text": "Kuwait",
          "translatedtext": "Koweït",
          "token": "KW"
        },
        {
          "code": "113",
          "text": "Kyrgyzstan",
          "translatedtext": "Kirghizistan",
          "token": "KG"
        },
        {
          "code": "114",
          "text": "Laos",
          "translatedtext": "Laos",
          "token": "LA"
        },
        {
          "code": "115",
          "text": "Latvia",
          "translatedtext": "Lettonie",
          "token": "LV"
        },
        {
          "code": "116",
          "text": "Lebanon",
          "translatedtext": "Liban",
          "token": "LB"
        },
        {
          "code": "117",
          "text": "Lesotho",
          "translatedtext": "Lesotho",
          "token": "LS"
        },
        {
          "code": "118",
          "text": "Liberia",
          "translatedtext": "Liberia",
          "token": "LR"
        },
        {
          "code": "119",
          "text": "Libya",
          "translatedtext": "Libye",
          "token": "LY"
        },
        {
          "code": "120",
          "text": "Liechtenstein",
          "translatedtext": "Liechtenstein",
          "token": "LI"
        },
        {
          "code": "121",
          "text": "Lithuania",
          "translatedtext": "Lituanie",
          "token": "LT"
        },
        {
          "code": "122",
          "text": "Luxembourg",
          "translatedtext": "Luxembourg",
          "token": "LU"
        },
        {
          "code": "123",
          "text": "Macau",
          "translatedtext": "Macao",
          "token": "MO"
        },
        {
          "code": "124",
          "text": "Macedonia",
          "translatedtext": "Macédoine",
          "token": "MK"
        },
        {
          "code": "125",
          "text": "Madagascar",
          "translatedtext": "Madagascar",
          "token": "MG"
        },
        {
          "code": "126",
          "text": "Malawi",
          "translatedtext": "Malawi",
          "token": "MW"
        },
        {
          "code": "127",
          "text": "Malaysia",
          "translatedtext": "Malaisie",
          "token": "MY"
        },
        {
          "code": "128",
          "text": "Maldives",
          "translatedtext": "Maldives",
          "token": "MV"
        },
        {
          "code": "129",
          "text": "Mali",
          "translatedtext": "Mali",
          "token": "ML"
        },
        {
          "code": "130",
          "text": "Malta",
          "translatedtext": "Malte",
          "token": "MT"
        },
        {
          "code": "131",
          "text": "Marshall Islands",
          "translatedtext": "Îles Marshall",
          "token": "MH"
        },
        {
          "code": "132",
          "text": "Martinique",
          "translatedtext": "Martinique",
          "token": "MQ"
        },
        {
          "code": "133",
          "text": "Mauritania",
          "translatedtext": "Mauritanie",
          "token": "MR"
        },
        {
          "code": "134",
          "text": "Mauritius",
          "translatedtext": "Maurice",
          "token": "MU"
        },
        {
          "code": "135",
          "text": "Mayotte",
          "translatedtext": "Mayotte",
          "token": "YT"
        },
        {
          "code": "136",
          "text": "Mexico",
          "translatedtext": "Mexique",
          "token": "MX"
        },
        {
          "code": "137",
          "text": "Moldova",
          "translatedtext": "Moldavie",
          "token": "MD"
        },
        {
          "code": "138",
          "text": "Monaco",
          "translatedtext": "Monaco",
          "token": "MC"
        },
        {
          "code": "139",
          "text": "Mongolia",
          "translatedtext": "Mongolie",
          "token": "MN"
        },
        {
          "code": "140",
          "text": "Montserrat",
          "translatedtext": "Montserrat",
          "token": "MS"
        },
        {
          "code": "141",
          "text": "Morocco",
          "translatedtext": "Maroc",
          "token": "MA"
        },
        {
          "code": "142",
          "text": "Mozambique",
          "translatedtext": "Mozambique",
          "token": "MZ"
        },
        {
          "code": "143",
          "text": "Namibia",
          "translatedtext": "Namibie",
          "token": "NA"
        },
        {
          "code": "144",
          "text": "Nauru",
          "translatedtext": "Nauru",
          "token": "NR"
        },
        {
          "code": "145",
          "text": "Nepal",
          "translatedtext": "Népal",
          "token": "NP"
        },
        {
          "code": "146",
          "text": "Netherlands",
          "translatedtext": "Pays-Bas",
          "token": "NL"
        },
        {
          "code": "147",
          "text": "Netherlands Antilles",
          "translatedtext": "Antilles néerlandaises",
          "token": "AN"
        },
        {
          "code": "148",
          "text": "New Caledonia",
          "translatedtext": "Nouvelle-Calédonie",
          "token": "NC"
        },
        {
          "code": "149",
          "text": "New Zealand",
          "translatedtext": "Nouvelle-Zélande",
          "token": "NZ"
        },
        {
          "code": "150",
          "text": "Nicaragua",
          "translatedtext": "Nicaragua",
          "token": "NI"
        },
        {
          "code": "151",
          "text": "Niger",
          "translatedtext": "Niger",
          "token": "NE"
        },
        {
          "code": "152",
          "text": "Nigeria",
          "translatedtext": "Nigeria",
          "token": "NG"
        },
        {
          "code": "153",
          "text": "Niue",
          "translatedtext": "Niue",
          "token": "NU"
        },
        {
          "code": "154",
          "text": "Norway",
          "translatedtext": "Norvège",
          "token": "NO"
        },
        {
          "code": "155",
          "text": "Oman",
          "translatedtext": "Oman",
          "token": "OM"
        },
        {
          "code": "156",
          "text": "Pakistan",
          "translatedtext": "Pakistan",
          "token": "PK"
        },
        {
          "code": "157",
          "text": "Palau",
          "translatedtext": "Palaos",
          "token": "PW"
        },
        {
          "code": "158",
          "text": "Panama",
          "translatedtext": "Panama",
          "token": "PA"
        },
        {
          "code": "159",
          "text": "Papua New Guinea",
          "translatedtext": "Papouasie-Nouvelle-Guinée",
          "token": "PG"
        },
        {
          "code": "160",
          "text": "Paraguay",
          "translatedtext": "Paraguay",
          "token": "PY"
        },
        {
          "code": "161",
          "text": "Peru",
          "translatedtext": "Pérou",
          "token": "PE"
        },
        {
          "code": "162",
          "text": "Philippines",
          "translatedtext": "Philippines",
          "token": "PH"
        },
        {
          "code": "163",
          "text": "Poland",
          "translatedtext": "Pologne",
          "token": "PL"
        },
        {
          "code": "164",
          "text": "Portugal",
          "translatedtext": "Portugal",
          "token": "PT"
        },
        {
          "code": "165",
          "text": "Puerto Rico",
          "translatedtext": "Porto Rico",
          "token": "PR"
        },
        {
          "code": "166",
          "text": "Qatar",
          "translatedtext": "Qatar",
          "token": "QA"
        },
        {
          "code": "167",
          "text": "Romania",
          "translatedtext": "Roumanie",
          "token": "RO"
        },
        {
          "code": "168",
          "text": "Russian Federation",
          "translatedtext": "Russie",
          "token": "RU"
        },
        {
          "code": "169",
          "text": "Rwanda",
          "translatedtext": "Rwanda",
          "token": "RW"
        },
        {
          "code": "170",
          "text": "Saint Helena",
          "translatedtext": "Sainte-Hélène",
          "token": "SH"
        },
        {
          "code": "171",
          "text": "Saint Kitts-Nevis",
          "translatedtext": "Saint-Christophe-et-Niévès",
          "token": "KN"
        },
        {
          "code": "172",
          "text": "Saint Lucia",
          "translatedtext": "Sainte-Lucie",
          "token": "LC"
        },
        {
          "code": "173",
          "text": "Saint Pierre and Miquelon",
          "translatedtext": "Saint-Pierre-et-Miquelon",
          "token": "PM"
        },
        {
          "code": "174",
          "text": "Saint Vincent and the Grenadines",
          "translatedtext": "Saint-Vincent-et-les-Grenadines",
          "token": "VC"
        },
        {
          "code": "175",
          "text": "San Marino",
          "translatedtext": "Saint-Marin",
          "token": "SM"
        },
        {
          "code": "176",
          "text": "Saudi Arabia",
          "translatedtext": "Arabie saoudite",
          "token": "SA"
        },
        {
          "code": "177",
          "text": "Senegal",
          "translatedtext": "Sénégal",
          "token": "SN"
        },
        {
          "code": "178",
          "text": "Seychelles",
          "translatedtext": "Seychelles",
          "token": "SC"
        },
        {
          "code": "179",
          "text": "Sierra Leone",
          "translatedtext": "Sierra Leone",
          "token": "SL"
        },
        {
          "code": "180",
          "text": "Singapore",
          "translatedtext": "Singapour",
          "token": "SG"
        },
        {
          "code": "181",
          "text": "Slovakia",
          "translatedtext": "Slovaquie",
          "token": "SK"
        },
        {
          "code": "182",
          "text": "Slovenia",
          "translatedtext": "Slovénie",
          "token": "SI"
        },
        {
          "code": "183",
          "text": "Solomon Islands",
          "translatedtext": "Îles Salomon",
          "token": "SB"
        },
        {
          "code": "184",
          "text": "Somalia",
          "translatedtext": "Somalie",
          "token": "SO"
        },
        {
          "code": "185",
          "text": "South Africa",
          "translatedtext": "Afrique du Sud",
          "token": "ZA"
        },
        {
          "code": "186",
          "text": "Spain",
          "translatedtext": "Espagne",
          "token": "ES"
        },
        {
          "code": "187",
          "text": "Sri Lanka",
          "translatedtext": "Sri Lanka",
          "token": "LK"
        },
        {
          "code": "188",
          "text": "Sudan",
          "translatedtext": "Soudan",
          "token": "SD"
        },
        {
          "code": "189",
          "text": "Suriname",
          "translatedtext": "Suriname",
          "token": "SR"
        },
        {
          "code": "190",
          "text": "Svalbard",
          "translatedtext": "Svalbard",
          "token": "SJ"
        },
        {
          "code": "191",
          "text": "Swaziland",
          "translatedtext": "Swaziland",
          "token": "SZ"
        },
        {
          "code": "192",
          "text": "Sweden",
          "translatedtext": "Suède",
          "token": "SE"
        },
        {
          "code": "193",
          "text": "Switzerland",
          "translatedtext": "Suisse",
          "token": "CH"
        },
        {
          "code": "194",
          "text": "Syrian Arab Republic",
          "translatedtext": "Syrie",
          "token": "SY"
        },
        {
          "code": "195",
          "text": "Tahiti",
          "translatedtext": "Tahiti",
          "token": "TA"
        },
        {
          "code": "196",
          "text": "Taiwan",
          "translatedtext": "Taïwan",
          "token": "TW"
        },
        {
          "code": "197",
          "text": "Tajikistan",
          "translatedtext": "Tadjikistan",
          "token": "TJ"
        },
        {
          "code": "198",
          "text": "Tanzania",
          "translatedtext": "Tanzanie",
          "token": "TZ"
        },
        {
          "code": "199",
          "text": "Thailand",
          "translatedtext": "Thaïlande",
          "token": "TH"
        },
        {
          "code": "200",
          "text": "Togo",
          "translatedtext": "Togo",
          "token": "TG"
        },
        {
          "code": "201",
          "text": "Tonga",
          "translatedtext": "Tonga",
          "token": "TO"
        },
        {
          "code": "202",
          "text": "Trinidad and Tobago",
          "translatedtext": "Trinité-et-Tobago",
          "token": "TT"
        },
        {
          "code": "203",
          "text": "Tunisia",
          "translatedtext": "Tunisie",
          "token": "TN"
        },
        {
          "code": "204",
          "text": "Turkey",
          "translatedtext": "Turquie",
          "token": "TR"
        },
        {
          "code": "205",
          "text": "Turkmenistan",
          "translatedtext": "Turkménistan",
          "token": "TM"
        },
        {
          "code": "206",
          "text": "Turks and Caicos Islands",
          "translatedtext": "Îles Turques-et-Caïques",
          "token": "TC"
        },
        {
          "code": "207",
          "text": "Tuvalu",
          "translatedtext": "Tuvalu",
          "token": "TV"
        },
        {
          "code": "208",
          "text": "Uganda",
          "translatedtext": "Ouganda",
          "token": "UG"
        },
        {
          "code": "209",
          "text": "Ukraine",
          "translatedtext": "Ukraine",
          "token": "UA"
        },
        {
          "code": "210",
          "text": "United Arab Emirates",
          "translatedtext": "Émirats arabes unis",
          "token": "AE"
        },
        {
          "code": "211",
          "text": "Uruguay",
          "translatedtext": "Uruguay",
          "token": "UY"
        },
        {
          "code": "212",
          "text": "Uzbekistan",
          "translatedtext": "Ouzbékistan",
          "token": "UZ"
        },
        {
          "code": "213",
          "text": "Vanuatu",
          "translatedtext": "Vanuatu",
          "token": "VU"
        },
        {
          "code": "214",
          "text": "Vatican City State",
          "translatedtext": "Vatican",
          "token": "VA"
        },
        {
          "code": "215",
          "text": "Venezuela",
          "translatedtext": "Venezuela",
          "token": "VE"
        },
        {
          "code": "216",
          "text": "Vietnam",
          "translatedtext": "Viêt Nam",
          "token": "VN"
        },
        {
          "code": "217",
          "text": "Virgin Islands (U.S.)",
          "translatedtext": "Îles Vierges des États-Unis",
          "token": "VI"
        },
        {
          "code": "218",
          "text": "Wallis and Futuna",
          "translatedtext": "Wallis-et-Futuna",
          "token": "WF"
        },
        {
          "code": "219",
          "text": "Western Sahara",
          "translatedtext": "Sahara occidental",
          "token": "EH"
        },
        {
          "code": "220",
          "text": "Western Samoa",
          "translatedtext": "Samoa occidentales",
          "token": "WS"
        },
        {
          "code": "221",
          "text": "Yemen",
          "translatedtext": "Yémen",
          "token": "YE"
        },
        {
          "code": "223",
          "text": "Zambia",
          "translatedtext": "Zambie",
          "token": "ZM"
        },
        {
          "code": "224",
          "text": "Zimbabwe",
          "translatedtext": "Zimbabwe",
          "token": "ZW"
        },
        {
          "code": "225",
          "text": "APO/FPO/DPO",
          "translatedtext": "APO/FPO/DPO",
          "token": "AP"
        },
        {
          "code": "226",
          "text": "Micronesia",
          "translatedtext": "Micronésie",
          "token": "FM"
        },
        {
          "code": "227",
          "text": "Reunion",
          "translatedtext": "Réunion",
          "token": "RE"
        },
        {
          "code": "228",
          "text": "Montenegro",
          "translatedtext": "Monténégro",
          "token": "ME"
        },
        {
          "code": "229",
          "text": "Serbia",
          "translatedtext": "Serbie",
          "token": "RS"
        },
        {
          "code": "4007",
          "text": "Curacao",
          "translatedtext": "Curaçao",
          "token": "CW"
        },
        {
          "code": "4019",
          "text": "Palestine",
          "translatedtext": "Palestine",
          "token": "PS"
        },
        {
          "code": "4024",
          "text": "Timor-Leste",
          "translatedtext": "Timor oriental",
          "token": "TL"
        },
        {
          "code": "4026",
          "text": "Kosovo",
          "translatedtext": "Kosovo",
          "token": "XK"
        }
      ]
}