{
  "states": [
    {
      "code": "11",
      "token": "Seoul",
      "text": "Seoul",
      "translatedtext": "서울특별시"
    },
    {
      "code": "26",
      "token": "Busan",
      "text": "Busan",
      "translatedtext": "부산광역시"
    },
    {
      "code": "27",
      "token": "Daegu",
      "text": "Daegu",
      "translatedtext": "대구광역시"
    },
    {
      "code": "28",
      "token": "Incheon",
      "text": "Incheon",
      "translatedtext": "인천광역시"
    },
    {
      "code": "29",
      "token": "Gwangju",
      "text": "Gwangju",
      "translatedtext": "광주광역시"
    },
    {
      "code": "30",
      "token": "Daejeon",
      "text": "Daejeon",
      "translatedtext": "대전광역시"
    },
    {
      "code": "31",
      "token": "Ulsan",
      "text": "Ulsan",
      "translatedtext": "울산광역시"
    },
    {
      "code": "41",
      "token": "Gyeonggi Province",
      "text": "Gyeonggi Province",
      "translatedtext": "경기도"
    },
    {
      "code": "42",
      "token": "Gangwon Province",
      "text": "Gangwon Province",
      "translatedtext": "강원도"
    },
    {
      "code": "43",
      "token": "North Chungcheong Province",
      "text": "North Chungcheong Province",
      "translatedtext": "충청북도"
    },
    {
      "code": "44",
      "token": "South Chungcheong Province",
      "text": "South Chungcheong Province",
      "translatedtext": "충청남도"
    },
    {
      "code": "45",
      "token": "North Jeolla Province",
      "text": "North Jeolla Province",
      "translatedtext": "전라북도"
    },
    {
      "code": "46",
      "token": "South Jeolla Province",
      "text": "South Jeolla Province",
      "translatedtext": "전라남도"
    },
    {
      "code": "47",
      "token": "North Gyeongsang Province",
      "text": "North Gyeongsang Province",
      "translatedtext": "경상북도"
    },
    {
      "code": "48",
      "token": "South Gyeongsang Province",
      "text": "South Gyeongsang Province",
      "translatedtext": "경상남도"
    },
    {
      "code": "49",
      "token": "Jeju Province",
      "text": "Jeju Province",
      "translatedtext": "제주도"
    },
    {
      "code": "50",
      "token": "Sejong",
      "text": "Sejong",
      "translatedtext": "세종특별자치시"
    }
  ],
  "countries": [
    {
      "code": "1",
      "token": "US",
      "text": "United States",
      "translatedtext": "미국"
    },
    {
      "code": "225",
      "token": "AP",
      "text": "APO/FPO/DPO",
      "translatedtext": "APO/FPO/DPO"
    },
    {
      "code": "2",
      "token": "CA",
      "text": "Canada",
      "translatedtext": "캐나다"
    },
    {
      "code": "3",
      "token": "GB",
      "text": "United Kingdom",
      "translatedtext": "영국"
    },
    {
      "code": "4",
      "token": "AF",
      "text": "Afghanistan",
      "translatedtext": "아프가니스탄"
    },
    {
      "code": "5",
      "token": "AL",
      "text": "Albania",
      "translatedtext": "알바니아"
    },
    {
      "code": "6",
      "token": "DZ",
      "text": "Algeria",
      "translatedtext": "알제리"
    },
    {
      "code": "7",
      "token": "AS",
      "text": "American Samoa",
      "translatedtext": "아메리칸사모아"
    },
    {
      "code": "8",
      "token": "AD",
      "text": "Andorra",
      "translatedtext": "안도라"
    },
    {
      "code": "9",
      "token": "AO",
      "text": "Angola",
      "translatedtext": "앙골라"
    },
    {
      "code": "10",
      "token": "AI",
      "text": "Anguilla",
      "translatedtext": "앵귈라"
    },
    {
      "code": "11",
      "token": "AG",
      "text": "Antigua and Barbuda",
      "translatedtext": "앤티가바부다"
    },
    {
      "code": "12",
      "token": "AR",
      "text": "Argentina",
      "translatedtext": "아르헨티나"
    },
    {
      "code": "13",
      "token": "AM",
      "text": "Armenia",
      "translatedtext": "아르메니아"
    },
    {
      "code": "14",
      "token": "AW",
      "text": "Aruba",
      "translatedtext": "아루바"
    },
    {
      "code": "15",
      "token": "AU",
      "text": "Australia",
      "translatedtext": "호주"
    },
    {
      "code": "16",
      "token": "AT",
      "text": "Austria",
      "translatedtext": "오스트리아"
    },
    {
      "code": "17",
      "token": "AZ",
      "text": "Azerbaijan Republic",
      "translatedtext": "아제르바이잔 공화국"
    },
    {
      "code": "18",
      "token": "BS",
      "text": "Bahamas",
      "translatedtext": "바하마"
    },
    {
      "code": "19",
      "token": "BH",
      "text": "Bahrain",
      "translatedtext": "바레인"
    },
    {
      "code": "20",
      "token": "BD",
      "text": "Bangladesh",
      "translatedtext": "방글라데시"
    },
    {
      "code": "21",
      "token": "BB",
      "text": "Barbados",
      "translatedtext": "바베이도스"
    },
    {
      "code": "22",
      "token": "BY",
      "text": "Belarus",
      "translatedtext": "벨라루스"
    },
    {
      "code": "23",
      "token": "BE",
      "text": "Belgium",
      "translatedtext": "벨기에"
    },
    {
      "code": "24",
      "token": "BZ",
      "text": "Belize",
      "translatedtext": "벨리즈"
    },
    {
      "code": "25",
      "token": "BJ",
      "text": "Benin",
      "translatedtext": "베냉"
    },
    {
      "code": "26",
      "token": "BM",
      "text": "Bermuda",
      "translatedtext": "버뮤다"
    },
    {
      "code": "27",
      "token": "BT",
      "text": "Bhutan",
      "translatedtext": "부탄"
    },
    {
      "code": "28",
      "token": "BO",
      "text": "Bolivia",
      "translatedtext": "볼리비아"
    },
    {
      "code": "29",
      "token": "BA",
      "text": "Bosnia and Herzegovina",
      "translatedtext": "보스니아 헤르체고비나"
    },
    {
      "code": "30",
      "token": "BW",
      "text": "Botswana",
      "translatedtext": "보츠와나"
    },
    {
      "code": "31",
      "token": "BR",
      "text": "Brazil",
      "translatedtext": "브라질"
    },
    {
      "code": "32",
      "token": "IO",
      "text": "British Virgin Islands",
      "translatedtext": "영국령 버진아일랜드"
    },
    {
      "code": "33",
      "token": "BN",
      "text": "Brunei Darussalam",
      "translatedtext": "브루나이 다루살람"
    },
    {
      "code": "34",
      "token": "BG",
      "text": "Bulgaria",
      "translatedtext": "불가리아"
    },
    {
      "code": "35",
      "token": "BF",
      "text": "Burkina Faso",
      "translatedtext": "부르키나파소"
    },
    {
      "code": "37",
      "token": "BI",
      "text": "Burundi",
      "translatedtext": "부룬디"
    },
    {
      "code": "38",
      "token": "KH",
      "text": "Cambodia",
      "translatedtext": "캄보디아"
    },
    {
      "code": "39",
      "token": "CM",
      "text": "Cameroon",
      "translatedtext": "카메룬"
    },
    {
      "code": "2",
      "token": "CA",
      "text": "Canada",
      "translatedtext": "캐나다"
    },
    {
      "code": "40",
      "token": "CV",
      "text": "Cape Verde Islands",
      "translatedtext": "카보베르데 제도"
    },
    {
      "code": "41",
      "token": "KY",
      "text": "Cayman Islands",
      "translatedtext": "케이맨 제도"
    },
    {
      "code": "42",
      "token": "CF",
      "text": "Central African Republic",
      "translatedtext": "중앙아프리카 공화국"
    },
    {
      "code": "43",
      "token": "TD",
      "text": "Chad",
      "translatedtext": "차드"
    },
    {
      "code": "44",
      "token": "CL",
      "text": "Chile",
      "translatedtext": "칠레"
    },
    {
      "code": "45",
      "token": "CN",
      "text": "China Mainland",
      "translatedtext": "중국 본토"
    },
    {
      "code": "46",
      "token": "CO",
      "text": "Colombia",
      "translatedtext": "콜롬비아"
    },
    {
      "code": "47",
      "token": "KM",
      "text": "Comoros",
      "translatedtext": "코모로"
    },
    {
      "code": "48",
      "token": "CD",
      "text": "Congo, Democratic Republic of the",
      "translatedtext": "콩고 민주 공화국"
    },
    {
      "code": "49",
      "token": "CG",
      "text": "Congo, Republic of the",
      "translatedtext": "콩고 공화국"
    },
    {
      "code": "50",
      "token": "CK",
      "text": "Cook Islands",
      "translatedtext": "쿡 제도"
    },
    {
      "code": "51",
      "token": "CR",
      "text": "Costa Rica",
      "translatedtext": "코스타리카"
    },
    {
      "code": "52",
      "token": "CI",
      "text": "Cote d Ivoire (Ivory Coast)",
      "translatedtext": "코트디부아르(아이보리 코스트)"
    },
    {
      "code": "53",
      "token": "HR",
      "text": "Croatia, Republic of",
      "translatedtext": "크로아티아 공화국"
    },
    {
      "code": "4007",
      "token": "CW",
      "text": "Curacao",
      "translatedtext": "퀴라소"
    },
    {
      "code": "55",
      "token": "CY",
      "text": "Cyprus",
      "translatedtext": "키프로스"
    },
    {
      "code": "56",
      "token": "CZ",
      "text": "Czech Republic",
      "translatedtext": "체코 공화국"
    },
    {
      "code": "57",
      "token": "DK",
      "text": "Denmark",
      "translatedtext": "덴마크"
    },
    {
      "code": "58",
      "token": "DJ",
      "text": "Djibouti",
      "translatedtext": "지부티"
    },
    {
      "code": "59",
      "token": "DM",
      "text": "Dominica",
      "translatedtext": "도미니카"
    },
    {
      "code": "60",
      "token": "DO",
      "text": "Dominican Republic",
      "translatedtext": "도미니카 공화국"
    },
    {
      "code": "61",
      "token": "EC",
      "text": "Ecuador",
      "translatedtext": "에콰도르"
    },
    {
      "code": "62",
      "token": "EG",
      "text": "Egypt",
      "translatedtext": "이집트"
    },
    {
      "code": "63",
      "token": "SV",
      "text": "El Salvador",
      "translatedtext": "엘살바도르"
    },
    {
      "code": "64",
      "token": "GQ",
      "text": "Equatorial Guinea",
      "translatedtext": "적도 기니"
    },
    {
      "code": "65",
      "token": "ER",
      "text": "Eritrea",
      "translatedtext": "에리트레아"
    },
    {
      "code": "66",
      "token": "EE",
      "text": "Estonia",
      "translatedtext": "에스토니아"
    },
    {
      "code": "67",
      "token": "ET",
      "text": "Ethiopia",
      "translatedtext": "에티오피아"
    },
    {
      "code": "68",
      "token": "FK",
      "text": "Falkland Islands (Islas Malvinas)",
      "translatedtext": "포클랜드 제도(말비나스 군도)"
    },
    {
      "code": "69",
      "token": "FJ",
      "text": "Fiji",
      "translatedtext": "피지"
    },
    {
      "code": "70",
      "token": "FI",
      "text": "Finland",
      "translatedtext": "핀란드"
    },
    {
      "code": "71",
      "token": "FR",
      "text": "France",
      "translatedtext": "프랑스"
    },
    {
      "code": "72",
      "token": "GF",
      "text": "French Guiana",
      "translatedtext": "프랑스령 기아나"
    },
    {
      "code": "73",
      "token": "FP",
      "text": "French Polynesia",
      "translatedtext": "프랑스령 폴리네시아"
    },
    {
      "code": "74",
      "token": "GA",
      "text": "Gabon Republic",
      "translatedtext": "가봉 공화국"
    },
    {
      "code": "75",
      "token": "GM",
      "text": "Gambia",
      "translatedtext": "감비아"
    },
    {
      "code": "76",
      "token": "GE",
      "text": "Georgia",
      "translatedtext": "조지아"
    },
    {
      "code": "77",
      "token": "DE",
      "text": "Germany",
      "translatedtext": "독일"
    },
    {
      "code": "78",
      "token": "GH",
      "text": "Ghana",
      "translatedtext": "가나"
    },
    {
      "code": "79",
      "token": "GI",
      "text": "Gibraltar",
      "translatedtext": "지브롤터"
    },
    {
      "code": "80",
      "token": "GR",
      "text": "Greece",
      "translatedtext": "그리스"
    },
    {
      "code": "81",
      "token": "GL",
      "text": "Greenland",
      "translatedtext": "그린란드"
    },
    {
      "code": "82",
      "token": "GD",
      "text": "Grenada",
      "translatedtext": "그레나다"
    },
    {
      "code": "83",
      "token": "GP",
      "text": "Guadeloupe",
      "translatedtext": "과들루프"
    },
    {
      "code": "84",
      "token": "GU",
      "text": "Guam",
      "translatedtext": "괌"
    },
    {
      "code": "85",
      "token": "GT",
      "text": "Guatemala",
      "translatedtext": "과테말라"
    },
    {
      "code": "86",
      "token": "GG",
      "text": "Guernsey",
      "translatedtext": "건지"
    },
    {
      "code": "87",
      "token": "GN",
      "text": "Guinea",
      "translatedtext": "기니"
    },
    {
      "code": "88",
      "token": "GW",
      "text": "Guinea-Bissau",
      "translatedtext": "기니비사우"
    },
    {
      "code": "89",
      "token": "GY",
      "text": "Guyana",
      "translatedtext": "가이아나"
    },
    {
      "code": "90",
      "token": "HT",
      "text": "Haiti",
      "translatedtext": "아이티"
    },
    {
      "code": "91",
      "token": "HN",
      "text": "Honduras",
      "translatedtext": "온두라스"
    },
    {
      "code": "92",
      "token": "HK",
      "text": "Hong Kong",
      "translatedtext": "홍콩"
    },
    {
      "code": "93",
      "token": "HU",
      "text": "Hungary",
      "translatedtext": "헝가리"
    },
    {
      "code": "94",
      "token": "IS",
      "text": "Iceland",
      "translatedtext": "아이슬란드"
    },
    {
      "code": "95",
      "token": "IN",
      "text": "India",
      "translatedtext": "인도"
    },
    {
      "code": "96",
      "token": "ID",
      "text": "Indonesia",
      "translatedtext": "인도네시아"
    },
    {
      "code": "99",
      "token": "IE",
      "text": "Ireland",
      "translatedtext": "아일랜드"
    },
    {
      "code": "100",
      "token": "IL",
      "text": "Israel",
      "translatedtext": "이스라엘"
    },
    {
      "code": "101",
      "token": "IT",
      "text": "Italy",
      "translatedtext": "이탈리아"
    },
    {
      "code": "102",
      "token": "JM",
      "text": "Jamaica",
      "translatedtext": "자메이카"
    },
    {
      "code": "103",
      "token": "JN",
      "text": "Jan Mayen",
      "translatedtext": "얀마옌"
    },
    {
      "code": "104",
      "token": "JP",
      "text": "Japan",
      "translatedtext": "일본"
    },
    {
      "code": "105",
      "token": "JE",
      "text": "Jersey",
      "translatedtext": "저지"
    },
    {
      "code": "106",
      "token": "JO",
      "text": "Jordan",
      "translatedtext": "요르단"
    },
    {
      "code": "107",
      "token": "KZ",
      "text": "Kazakhstan",
      "translatedtext": "카자흐스탄"
    },
    {
      "code": "108",
      "token": "KE",
      "text": "Kenya",
      "translatedtext": "케냐"
    },
    {
      "code": "109",
      "token": "KI",
      "text": "Kiribati",
      "translatedtext": "키리바시"
    },
    {
      "code": "111",
      "token": "KR",
      "text": "Korea, South",
      "translatedtext": "대한민국"
    },
    {
      "code": "112",
      "token": "KW",
      "text": "Kuwait",
      "translatedtext": "쿠웨이트"
    },
    {
      "code": "113",
      "token": "KG",
      "text": "Kyrgyzstan",
      "translatedtext": "키르기스스탄"
    },
    {
      "code": "114",
      "token": "LA",
      "text": "Laos",
      "translatedtext": "라오스"
    },
    {
      "code": "115",
      "token": "LV",
      "text": "Latvia",
      "translatedtext": "라트비아"
    },
    {
      "code": "116",
      "token": "LB",
      "text": "Lebanon",
      "translatedtext": "레바논"
    },
    {
      "code": "120",
      "token": "LI",
      "text": "Liechtenstein",
      "translatedtext": "리히텐슈타인"
    },
    {
      "code": "121",
      "token": "LT",
      "text": "Lithuania",
      "translatedtext": "리투아니아"
    },
    {
      "code": "122",
      "token": "LU",
      "text": "Luxembourg",
      "translatedtext": "룩셈부르크"
    },
    {
      "code": "123",
      "token": "MO",
      "text": "Macau",
      "translatedtext": "마카오"
    },
    {
      "code": "124",
      "token": "MK",
      "text": "Macedonia",
      "translatedtext": "마케도니아"
    },
    {
      "code": "125",
      "token": "MG",
      "text": "Madagascar",
      "translatedtext": "마다가스카르"
    },
    {
      "code": "126",
      "token": "MW",
      "text": "Malawi",
      "translatedtext": "말라위"
    },
    {
      "code": "127",
      "token": "MY",
      "text": "Malaysia",
      "translatedtext": "말레이시아"
    },
    {
      "code": "128",
      "token": "MV",
      "text": "Maldives",
      "translatedtext": "몰디브"
    },
    {
      "code": "129",
      "token": "ML",
      "text": "Mali",
      "translatedtext": "말리"
    },
    {
      "code": "130",
      "token": "MT",
      "text": "Malta",
      "translatedtext": "몰타"
    },
    {
      "code": "131",
      "token": "MH",
      "text": "Marshall Islands",
      "translatedtext": "마셜 제도"
    },
    {
      "code": "132",
      "token": "MQ",
      "text": "Martinique",
      "translatedtext": "마르티니크"
    },
    {
      "code": "133",
      "token": "MR",
      "text": "Mauritania",
      "translatedtext": "모리타니"
    },
    {
      "code": "134",
      "token": "MU",
      "text": "Mauritius",
      "translatedtext": "모리셔스"
    },
    {
      "code": "135",
      "token": "YT",
      "text": "Mayotte",
      "translatedtext": "마요트"
    },
    {
      "code": "136",
      "token": "MX",
      "text": "Mexico",
      "translatedtext": "멕시코"
    },
    {
      "code": "226",
      "token": "FM",
      "text": "Micronesia",
      "translatedtext": "미크로네시아"
    },
    {
      "code": "137",
      "token": "MD",
      "text": "Moldova",
      "translatedtext": "몰도바"
    },
    {
      "code": "138",
      "token": "MC",
      "text": "Monaco",
      "translatedtext": "모나코"
    },
    {
      "code": "139",
      "token": "MN",
      "text": "Mongolia",
      "translatedtext": "몽골"
    },
    {
      "code": "228",
      "token": "ME",
      "text": "Montenegro",
      "translatedtext": "몬테네그로"
    },
    {
      "code": "140",
      "token": "MS",
      "text": "Montserrat",
      "translatedtext": "몬트세랫"
    },
    {
      "code": "141",
      "token": "MA",
      "text": "Morocco",
      "translatedtext": "모로코"
    },
    {
      "code": "142",
      "token": "MZ",
      "text": "Mozambique",
      "translatedtext": "모잠비크"
    },
    {
      "code": "143",
      "token": "NA",
      "text": "Namibia",
      "translatedtext": "나미비아"
    },
    {
      "code": "144",
      "token": "NR",
      "text": "Nauru",
      "translatedtext": "나우루"
    },
    {
      "code": "145",
      "token": "NP",
      "text": "Nepal",
      "translatedtext": "네팔"
    },
    {
      "code": "146",
      "token": "NL",
      "text": "Netherlands",
      "translatedtext": "네덜란드"
    },
    {
      "code": "147",
      "token": "AN",
      "text": "Netherlands Antilles",
      "translatedtext": "네덜란드령 앤틸리스"
    },
    {
      "code": "148",
      "token": "NC",
      "text": "New Caledonia",
      "translatedtext": "뉴칼레도니아"
    },
    {
      "code": "149",
      "token": "NZ",
      "text": "New Zealand",
      "translatedtext": "뉴질랜드"
    },
    {
      "code": "150",
      "token": "NI",
      "text": "Nicaragua",
      "translatedtext": "니카라과"
    },
    {
      "code": "151",
      "token": "NE",
      "text": "Niger",
      "translatedtext": "니제르"
    },
    {
      "code": "152",
      "token": "NG",
      "text": "Nigeria",
      "translatedtext": "나이지리아"
    },
    {
      "code": "153",
      "token": "NU",
      "text": "Niue",
      "translatedtext": "니우에"
    },
    {
      "code": "154",
      "token": "NO",
      "text": "Norway",
      "translatedtext": "노르웨이"
    },
    {
      "code": "155",
      "token": "OM",
      "text": "Oman",
      "translatedtext": "오만"
    },
    {
      "code": "156",
      "token": "PK",
      "text": "Pakistan",
      "translatedtext": "파키스탄"
    },
    {
      "code": "157",
      "token": "PW",
      "text": "Palau",
      "translatedtext": "팔라우"
    },
    {
      "code": "158",
      "token": "PA",
      "text": "Panama",
      "translatedtext": "파나마"
    },
    {
      "code": "159",
      "token": "PG",
      "text": "Papua New Guinea",
      "translatedtext": "파푸아뉴기니"
    },
    {
      "code": "160",
      "token": "PY",
      "text": "Paraguay",
      "translatedtext": "파라과이"
    },
    {
      "code": "161",
      "token": "PE",
      "text": "Peru",
      "translatedtext": "페루"
    },
    {
      "code": "162",
      "token": "PH",
      "text": "Philippines",
      "translatedtext": "필리핀"
    },
    {
      "code": "163",
      "token": "PL",
      "text": "Poland",
      "translatedtext": "폴란드"
    },
    {
      "code": "164",
      "token": "PT",
      "text": "Portugal",
      "translatedtext": "포르투갈"
    },
    {
      "code": "165",
      "token": "PR",
      "text": "Puerto Rico",
      "translatedtext": "푸에르토리코"
    },
    {
      "code": "166",
      "token": "QA",
      "text": "Qatar",
      "translatedtext": "카타르"
    },
    {
      "code": "227",
      "token": "RE",
      "text": "Reunion",
      "translatedtext": "레위니옹"
    },
    {
      "code": "167",
      "token": "RO",
      "text": "Romania",
      "translatedtext": "루마니아"
    },
    {
      "code": "168",
      "token": "RU",
      "text": "Russian Federation",
      "translatedtext": "러시아 연방"
    },
    {
      "code": "169",
      "token": "RW",
      "text": "Rwanda",
      "translatedtext": "르완다"
    },
    {
      "code": "170",
      "token": "SH",
      "text": "Saint Helena",
      "translatedtext": "세인트헬레나"
    },
    {
      "code": "171",
      "token": "KN",
      "text": "Saint Kitts-Nevis",
      "translatedtext": "세인트키츠네비스"
    },
    {
      "code": "172",
      "token": "LC",
      "text": "Saint Lucia",
      "translatedtext": "세인트루시아"
    },
    {
      "code": "173",
      "token": "PM",
      "text": "Saint Pierre and Miquelon",
      "translatedtext": "생피에르 미클롱"
    },
    {
      "code": "174",
      "token": "VC",
      "text": "Saint Vincent and the Grenadines",
      "translatedtext": "세인트빈센트 그레나딘"
    },
    {
      "code": "175",
      "token": "SM",
      "text": "San Marino",
      "translatedtext": "산마리노"
    },
    {
      "code": "176",
      "token": "SA",
      "text": "Saudi Arabia",
      "translatedtext": "사우디아라비아"
    },
    {
      "code": "177",
      "token": "SN",
      "text": "Senegal",
      "translatedtext": "세네갈"
    },
    {
      "code": "229",
      "token": "RS",
      "text": "Serbia",
      "translatedtext": "세르비아"
    },
    {
      "code": "178",
      "token": "SC",
      "text": "Seychelles",
      "translatedtext": "세이셸"
    },
    {
      "code": "179",
      "token": "SL",
      "text": "Sierra Leone",
      "translatedtext": "시에라리온"
    },
    {
      "code": "180",
      "token": "SG",
      "text": "Singapore",
      "translatedtext": "싱가포르"
    },
    {
      "code": "181",
      "token": "SK",
      "text": "Slovakia",
      "translatedtext": "슬로바키아"
    },
    {
      "code": "182",
      "token": "SI",
      "text": "Slovenia",
      "translatedtext": "슬로베니아"
    },
    {
      "code": "183",
      "token": "SB",
      "text": "Solomon Islands",
      "translatedtext": "솔로몬 제도"
    },
    {
      "code": "184",
      "token": "SO",
      "text": "Somalia",
      "translatedtext": "소말리아"
    },
    {
      "code": "185",
      "token": "ZA",
      "text": "South Africa",
      "translatedtext": "남아프리카"
    },
    {
      "code": "186",
      "token": "ES",
      "text": "Spain",
      "translatedtext": "스페인"
    },
    {
      "code": "187",
      "token": "LK",
      "text": "Sri Lanka",
      "translatedtext": "스리랑카"
    },
    {
      "code": "189",
      "token": "SR",
      "text": "Suriname",
      "translatedtext": "수리남"
    },
    {
      "code": "190",
      "token": "SJ",
      "text": "Svalbard",
      "translatedtext": "스발바르"
    },
    {
      "code": "191",
      "token": "SZ",
      "text": "Swaziland",
      "translatedtext": "스와질란드"
    },
    {
      "code": "192",
      "token": "SE",
      "text": "Sweden",
      "translatedtext": "스웨덴"
    },
    {
      "code": "193",
      "token": "CH",
      "text": "Switzerland",
      "translatedtext": "스위스"
    },
    {
      "code": "195",
      "token": "TA",
      "text": "Tahiti",
      "translatedtext": "타히티"
    },
    {
      "code": "196",
      "token": "TW",
      "text": "Taiwan",
      "translatedtext": "대만"
    },
    {
      "code": "197",
      "token": "TJ",
      "text": "Tajikistan",
      "translatedtext": "타지키스탄"
    },
    {
      "code": "198",
      "token": "TZ",
      "text": "Tanzania",
      "translatedtext": "탄자니아"
    },
    {
      "code": "199",
      "token": "TH",
      "text": "Thailand",
      "translatedtext": "태국"
    },
    {
      "code": "200",
      "token": "TG",
      "text": "Togo",
      "translatedtext": "토고"
    },
    {
      "code": "201",
      "token": "TO",
      "text": "Tonga",
      "translatedtext": "통가"
    },
    {
      "code": "202",
      "token": "TT",
      "text": "Trinidad and Tobago",
      "translatedtext": "트리니다드토바고"
    },
    {
      "code": "203",
      "token": "TN",
      "text": "Tunisia",
      "translatedtext": "튀니지"
    },
    {
      "code": "204",
      "token": "TR",
      "text": "Turkey",
      "translatedtext": "터키"
    },
    {
      "code": "205",
      "token": "TM",
      "text": "Turkmenistan",
      "translatedtext": "투르크메니스탄"
    },
    {
      "code": "206",
      "token": "TC",
      "text": "Turks and Caicos Islands",
      "translatedtext": "터크스 케이커스 제도"
    },
    {
      "code": "207",
      "token": "TV",
      "text": "Tuvalu",
      "translatedtext": "투발루"
    },
    {
      "code": "208",
      "token": "UG",
      "text": "Uganda",
      "translatedtext": "우간다"
    },
    {
      "code": "209",
      "token": "UA",
      "text": "Ukraine",
      "translatedtext": "우크라이나"
    },
    {
      "code": "210",
      "token": "AE",
      "text": "United Arab Emirates",
      "translatedtext": "아랍에미리트"
    },
    {
      "code": "3",
      "token": "GB",
      "text": "United Kingdom",
      "translatedtext": "영국"
    },
    {
      "code": "1",
      "token": "US",
      "text": "United States",
      "translatedtext": "미국"
    },
    {
      "code": "211",
      "token": "UY",
      "text": "Uruguay",
      "translatedtext": "우루과이"
    },
    {
      "code": "212",
      "token": "UZ",
      "text": "Uzbekistan",
      "translatedtext": "우즈베키스탄"
    },
    {
      "code": "213",
      "token": "VU",
      "text": "Vanuatu",
      "translatedtext": "바누아투"
    },
    {
      "code": "214",
      "token": "VA",
      "text": "Vatican City State",
      "translatedtext": "바티칸 시국"
    },
    {
      "code": "215",
      "token": "VE",
      "text": "Venezuela",
      "translatedtext": "베네수엘라"
    },
    {
      "code": "216",
      "token": "VN",
      "text": "Vietnam",
      "translatedtext": "베트남"
    },
    {
      "code": "217",
      "token": "VI",
      "text": "Virgin Islands (U.S.)",
      "translatedtext": "버진아일랜드(미국령)"
    },
    {
      "code": "218",
      "token": "WF",
      "text": "Wallis and Futuna",
      "translatedtext": "왈리스 푸투나"
    },
    {
      "code": "219",
      "token": "EH",
      "text": "Western Sahara",
      "translatedtext": "서사하라"
    },
    {
      "code": "220",
      "token": "WS",
      "text": "Western Samoa",
      "translatedtext": "서사모아"
    },
    {
      "code": "221",
      "token": "YE",
      "text": "Yemen",
      "translatedtext": "예멘"
    },
    {
      "code": "223",
      "token": "ZM",
      "text": "Zambia",
      "translatedtext": "잠비아"
    },
    {
      "code": "224",
      "token": "ZW",
      "text": "Zimbabwe",
      "translatedtext": "짐바브웨"
    }
  ],
  "nationalities": [
    {
      "code": "1",
      "text": "United States",
      "translatedtext": "미국",
      "token": "US"
    },
    {
      "code": "2",
      "text": "Canada",
      "translatedtext": "캐나다",
      "token": "CA"
    },
    {
      "code": "3",
      "text": "United Kingdom",
      "translatedtext": "영국",
      "token": "GB"
    },
    {
      "code": "4",
      "text": "Afghanistan",
      "translatedtext": "아프가니스탄",
      "token": "AF"
    },
    {
      "code": "5",
      "text": "Albania",
      "translatedtext": "알바니아",
      "token": "AL"
    },
    {
      "code": "6",
      "text": "Algeria",
      "translatedtext": "알제리",
      "token": "DZ"
    },
    {
      "code": "7",
      "text": "American Samoa",
      "translatedtext": "아메리칸사모아",
      "token": "AS"
    },
    {
      "code": "8",
      "text": "Andorra",
      "translatedtext": "안도라",
      "token": "AD"
    },
    {
      "code": "9",
      "text": "Angola",
      "translatedtext": "앙골라",
      "token": "AO"
    },
    {
      "code": "10",
      "text": "Anguilla",
      "translatedtext": "앵귈라",
      "token": "AI"
    },
    {
      "code": "11",
      "text": "Antigua and Barbuda",
      "translatedtext": "앤티가바부다",
      "token": "AG"
    },
    {
      "code": "12",
      "text": "Argentina",
      "translatedtext": "아르헨티나",
      "token": "AR"
    },
    {
      "code": "13",
      "text": "Armenia",
      "translatedtext": "아르메니아",
      "token": "AM"
    },
    {
      "code": "14",
      "text": "Aruba",
      "translatedtext": "아루바",
      "token": "AW"
    },
    {
      "code": "15",
      "text": "Australia",
      "translatedtext": "호주",
      "token": "AU"
    },
    {
      "code": "16",
      "text": "Austria",
      "translatedtext": "오스트리아",
      "token": "AT"
    },
    {
      "code": "17",
      "text": "Azerbaijan Republic",
      "translatedtext": "아제르바이잔 공화국",
      "token": "AZ"
    },
    {
      "code": "18",
      "text": "Bahamas",
      "translatedtext": "바하마",
      "token": "BS"
    },
    {
      "code": "19",
      "text": "Bahrain",
      "translatedtext": "바레인",
      "token": "BH"
    },
    {
      "code": "20",
      "text": "Bangladesh",
      "translatedtext": "방글라데시",
      "token": "BD"
    },
    {
      "code": "21",
      "text": "Barbados",
      "translatedtext": "바베이도스",
      "token": "BB"
    },
    {
      "code": "22",
      "text": "Belarus",
      "translatedtext": "벨라루스",
      "token": "BY"
    },
    {
      "code": "23",
      "text": "Belgium",
      "translatedtext": "벨기에",
      "token": "BE"
    },
    {
      "code": "24",
      "text": "Belize",
      "translatedtext": "벨리즈",
      "token": "BZ"
    },
    {
      "code": "25",
      "text": "Benin",
      "translatedtext": "베냉",
      "token": "BJ"
    },
    {
      "code": "26",
      "text": "Bermuda",
      "translatedtext": "버뮤다",
      "token": "BM"
    },
    {
      "code": "27",
      "text": "Bhutan",
      "translatedtext": "부탄",
      "token": "BT"
    },
    {
      "code": "28",
      "text": "Bolivia",
      "translatedtext": "볼리비아",
      "token": "BO"
    },
    {
      "code": "29",
      "text": "Bosnia and Herzegovina",
      "translatedtext": "보스니아 헤르체고비나",
      "token": "BA"
    },
    {
      "code": "30",
      "text": "Botswana",
      "translatedtext": "보츠와나",
      "token": "BW"
    },
    {
      "code": "31",
      "text": "Brazil",
      "translatedtext": "브라질",
      "token": "BR"
    },
    {
      "code": "32",
      "text": "British Virgin Islands",
      "translatedtext": "영국령 버진아일랜드",
      "token": "IO"
    },
    {
      "code": "33",
      "text": "Brunei Darussalam",
      "translatedtext": "브루나이 다루살람",
      "token": "BN"
    },
    {
      "code": "34",
      "text": "Bulgaria",
      "translatedtext": "불가리아",
      "token": "BG"
    },
    {
      "code": "35",
      "text": "Burkina Faso",
      "translatedtext": "부르키나파소",
      "token": "BF"
    },
    {
      "code": "36",
      "text": "Myanmar",
      "translatedtext": "미얀마",
      "token": "MM"
    },
    {
      "code": "37",
      "text": "Burundi",
      "translatedtext": "부룬디",
      "token": "BI"
    },
    {
      "code": "38",
      "text": "Cambodia",
      "translatedtext": "캄보디아",
      "token": "KH"
    },
    {
      "code": "39",
      "text": "Cameroon",
      "translatedtext": "카메룬",
      "token": "CM"
    },
    {
      "code": "40",
      "text": "Cape Verde Islands",
      "translatedtext": "카보베르데 제도",
      "token": "CV"
    },
    {
      "code": "41",
      "text": "Cayman Islands",
      "translatedtext": "케이맨 제도",
      "token": "KY"
    },
    {
      "code": "42",
      "text": "Central African Republic",
      "translatedtext": "중앙아프리카 공화국",
      "token": "CF"
    },
    {
      "code": "43",
      "text": "Chad",
      "translatedtext": "차드",
      "token": "TD"
    },
    {
      "code": "44",
      "text": "Chile",
      "translatedtext": "칠레",
      "token": "CL"
    },
    {
      "code": "45",
      "text": "China Mainland",
      "translatedtext": "중국 본토",
      "token": "CN"
    },
    {
      "code": "46",
      "text": "Colombia",
      "translatedtext": "콜롬비아",
      "token": "CO"
    },
    {
      "code": "47",
      "text": "Comoros",
      "translatedtext": "코모로",
      "token": "KM"
    },
    {
      "code": "48",
      "text": "Congo, Democratic Republic of the",
      "translatedtext": "콩고 민주 공화국",
      "token": "CD"
    },
    {
      "code": "49",
      "text": "Congo, Republic of the",
      "translatedtext": "콩고 공화국",
      "token": "CG"
    },
    {
      "code": "50",
      "text": "Cook Islands",
      "translatedtext": "쿡 제도",
      "token": "CK"
    },
    {
      "code": "51",
      "text": "Costa Rica",
      "translatedtext": "코스타리카",
      "token": "CR"
    },
    {
      "code": "52",
      "text": "Cote d Ivoire (Ivory Coast)",
      "translatedtext": "코트디부아르(아이보리 코스트)",
      "token": "CI"
    },
    {
      "code": "53",
      "text": "Croatia, Republic of",
      "translatedtext": "크로아티아 공화국",
      "token": "HR"
    },
    {
      "code": "54",
      "text": "Cuba",
      "translatedtext": "쿠바",
      "token": "CU"
    },
    {
      "code": "55",
      "text": "Cyprus",
      "translatedtext": "키프로스",
      "token": "CY"
    },
    {
      "code": "56",
      "text": "Czech Republic",
      "translatedtext": "체코 공화국",
      "token": "CZ"
    },
    {
      "code": "57",
      "text": "Denmark",
      "translatedtext": "덴마크",
      "token": "DK"
    },
    {
      "code": "58",
      "text": "Djibouti",
      "translatedtext": "지부티",
      "token": "DJ"
    },
    {
      "code": "59",
      "text": "Dominica",
      "translatedtext": "도미니카",
      "token": "DM"
    },
    {
      "code": "60",
      "text": "Dominican Republic",
      "translatedtext": "도미니카 공화국",
      "token": "DO"
    },
    {
      "code": "61",
      "text": "Ecuador",
      "translatedtext": "에콰도르",
      "token": "EC"
    },
    {
      "code": "62",
      "text": "Egypt",
      "translatedtext": "이집트",
      "token": "EG"
    },
    {
      "code": "63",
      "text": "El Salvador",
      "translatedtext": "엘살바도르",
      "token": "SV"
    },
    {
      "code": "64",
      "text": "Equatorial Guinea",
      "translatedtext": "적도 기니",
      "token": "GQ"
    },
    {
      "code": "65",
      "text": "Eritrea",
      "translatedtext": "에리트레아",
      "token": "ER"
    },
    {
      "code": "66",
      "text": "Estonia",
      "translatedtext": "에스토니아",
      "token": "EE"
    },
    {
      "code": "67",
      "text": "Ethiopia",
      "translatedtext": "에티오피아",
      "token": "ET"
    },
    {
      "code": "68",
      "text": "Falkland Islands (Islas Malvinas)",
      "translatedtext": "포클랜드 제도(말비나스 군도)",
      "token": "FK"
    },
    {
      "code": "69",
      "text": "Fiji",
      "translatedtext": "피지",
      "token": "FJ"
    },
    {
      "code": "70",
      "text": "Finland",
      "translatedtext": "핀란드",
      "token": "FI"
    },
    {
      "code": "71",
      "text": "France",
      "translatedtext": "프랑스",
      "token": "FR"
    },
    {
      "code": "72",
      "text": "French Guiana",
      "translatedtext": "프랑스령 기아나",
      "token": "GF"
    },
    {
      "code": "73",
      "text": "French Polynesia",
      "translatedtext": "프랑스령 폴리네시아",
      "token": "FP"
    },
    {
      "code": "74",
      "text": "Gabon Republic",
      "translatedtext": "가봉 공화국",
      "token": "GA"
    },
    {
      "code": "75",
      "text": "Gambia",
      "translatedtext": "감비아",
      "token": "GM"
    },
    {
      "code": "76",
      "text": "Georgia",
      "translatedtext": "조지아",
      "token": "GE"
    },
    {
      "code": "77",
      "text": "Germany",
      "translatedtext": "독일",
      "token": "DE"
    },
    {
      "code": "78",
      "text": "Ghana",
      "translatedtext": "가나",
      "token": "GH"
    },
    {
      "code": "79",
      "text": "Gibraltar",
      "translatedtext": "지브롤터",
      "token": "GI"
    },
    {
      "code": "80",
      "text": "Greece",
      "translatedtext": "그리스",
      "token": "GR"
    },
    {
      "code": "81",
      "text": "Greenland",
      "translatedtext": "그린란드",
      "token": "GL"
    },
    {
      "code": "82",
      "text": "Grenada",
      "translatedtext": "그레나다",
      "token": "GD"
    },
    {
      "code": "83",
      "text": "Guadeloupe",
      "translatedtext": "과들루프",
      "token": "GP"
    },
    {
      "code": "84",
      "text": "Guam",
      "translatedtext": "괌",
      "token": "GU"
    },
    {
      "code": "85",
      "text": "Guatemala",
      "translatedtext": "과테말라",
      "token": "GT"
    },
    {
      "code": "86",
      "text": "Guernsey",
      "translatedtext": "건지",
      "token": "GG"
    },
    {
      "code": "87",
      "text": "Guinea",
      "translatedtext": "기니",
      "token": "GN"
    },
    {
      "code": "88",
      "text": "Guinea-Bissau",
      "translatedtext": "기니비사우",
      "token": "GW"
    },
    {
      "code": "89",
      "text": "Guyana",
      "translatedtext": "가이아나",
      "token": "GY"
    },
    {
      "code": "90",
      "text": "Haiti",
      "translatedtext": "아이티",
      "token": "HT"
    },
    {
      "code": "91",
      "text": "Honduras",
      "translatedtext": "온두라스",
      "token": "HN"
    },
    {
      "code": "92",
      "text": "Hong Kong",
      "translatedtext": "홍콩",
      "token": "HK"
    },
    {
      "code": "93",
      "text": "Hungary",
      "translatedtext": "헝가리",
      "token": "HU"
    },
    {
      "code": "94",
      "text": "Iceland",
      "translatedtext": "아이슬란드",
      "token": "IS"
    },
    {
      "code": "95",
      "text": "India",
      "translatedtext": "인도",
      "token": "IN"
    },
    {
      "code": "96",
      "text": "Indonesia",
      "translatedtext": "인도네시아",
      "token": "ID"
    },
    {
      "code": "97",
      "text": "Iran",
      "translatedtext": "이란",
      "token": "IR"
    },
    {
      "code": "98",
      "text": "Iraq",
      "translatedtext": "이라크",
      "token": "IQ"
    },
    {
      "code": "99",
      "text": "Ireland",
      "translatedtext": "아일랜드",
      "token": "IE"
    },
    {
      "code": "100",
      "text": "Israel",
      "translatedtext": "이스라엘",
      "token": "IL"
    },
    {
      "code": "101",
      "text": "Italy",
      "translatedtext": "이탈리아",
      "token": "IT"
    },
    {
      "code": "102",
      "text": "Jamaica",
      "translatedtext": "자메이카",
      "token": "JM"
    },
    {
      "code": "103",
      "text": "Jan Mayen",
      "translatedtext": "얀마옌",
      "token": "JN"
    },
    {
      "code": "104",
      "text": "Japan",
      "translatedtext": "일본",
      "token": "JP"
    },
    {
      "code": "105",
      "text": "Jersey",
      "translatedtext": "저지",
      "token": "JE"
    },
    {
      "code": "106",
      "text": "Jordan",
      "translatedtext": "요르단",
      "token": "JO"
    },
    {
      "code": "107",
      "text": "Kazakhstan",
      "translatedtext": "카자흐스탄",
      "token": "KZ"
    },
    {
      "code": "108",
      "text": "Kenya",
      "translatedtext": "케냐",
      "token": "KE"
    },
    {
      "code": "109",
      "text": "Kiribati",
      "translatedtext": "키리바시",
      "token": "KI"
    },
    {
      "code": "110",
      "text": "North Korea",
      "translatedtext": "북한",
      "token": "KP"
    },
    {
      "code": "111",
      "text": "Korea, South",
      "translatedtext": "대한민국",
      "token": "KR"
    },
    {
      "code": "112",
      "text": "Kuwait",
      "translatedtext": "쿠웨이트",
      "token": "KW"
    },
    {
      "code": "113",
      "text": "Kyrgyzstan",
      "translatedtext": "키르기스스탄",
      "token": "KG"
    },
    {
      "code": "114",
      "text": "Laos",
      "translatedtext": "라오스",
      "token": "LA"
    },
    {
      "code": "115",
      "text": "Latvia",
      "translatedtext": "라트비아",
      "token": "LV"
    },
    {
      "code": "116",
      "text": "Lebanon",
      "translatedtext": "레바논",
      "token": "LB"
    },
    {
      "code": "117",
      "text": "Lesotho",
      "translatedtext": "레소토",
      "token": "LS"
    },
    {
      "code": "118",
      "text": "Liberia",
      "translatedtext": "라이베리아",
      "token": "LR"
    },
    {
      "code": "119",
      "text": "Libya",
      "translatedtext": "리비아",
      "token": "LY"
    },
    {
      "code": "120",
      "text": "Liechtenstein",
      "translatedtext": "리히텐슈타인",
      "token": "LI"
    },
    {
      "code": "121",
      "text": "Lithuania",
      "translatedtext": "리투아니아",
      "token": "LT"
    },
    {
      "code": "122",
      "text": "Luxembourg",
      "translatedtext": "룩셈부르크",
      "token": "LU"
    },
    {
      "code": "123",
      "text": "Macau",
      "translatedtext": "마카오",
      "token": "MO"
    },
    {
      "code": "124",
      "text": "Macedonia",
      "translatedtext": "마케도니아",
      "token": "MK"
    },
    {
      "code": "125",
      "text": "Madagascar",
      "translatedtext": "마다가스카르",
      "token": "MG"
    },
    {
      "code": "126",
      "text": "Malawi",
      "translatedtext": "말라위",
      "token": "MW"
    },
    {
      "code": "127",
      "text": "Malaysia",
      "translatedtext": "말레이시아",
      "token": "MY"
    },
    {
      "code": "128",
      "text": "Maldives",
      "translatedtext": "몰디브",
      "token": "MV"
    },
    {
      "code": "129",
      "text": "Mali",
      "translatedtext": "말리",
      "token": "ML"
    },
    {
      "code": "130",
      "text": "Malta",
      "translatedtext": "몰타",
      "token": "MT"
    },
    {
      "code": "131",
      "text": "Marshall Islands",
      "translatedtext": "마셜 제도",
      "token": "MH"
    },
    {
      "code": "132",
      "text": "Martinique",
      "translatedtext": "마르티니크",
      "token": "MQ"
    },
    {
      "code": "133",
      "text": "Mauritania",
      "translatedtext": "모리타니",
      "token": "MR"
    },
    {
      "code": "134",
      "text": "Mauritius",
      "translatedtext": "모리셔스",
      "token": "MU"
    },
    {
      "code": "135",
      "text": "Mayotte",
      "translatedtext": "마요트",
      "token": "YT"
    },
    {
      "code": "136",
      "text": "Mexico",
      "translatedtext": "멕시코",
      "token": "MX"
    },
    {
      "code": "137",
      "text": "Moldova",
      "translatedtext": "몰도바",
      "token": "MD"
    },
    {
      "code": "138",
      "text": "Monaco",
      "translatedtext": "모나코",
      "token": "MC"
    },
    {
      "code": "139",
      "text": "Mongolia",
      "translatedtext": "몽골",
      "token": "MN"
    },
    {
      "code": "140",
      "text": "Montserrat",
      "translatedtext": "몬트세랫",
      "token": "MS"
    },
    {
      "code": "141",
      "text": "Morocco",
      "translatedtext": "모로코",
      "token": "MA"
    },
    {
      "code": "142",
      "text": "Mozambique",
      "translatedtext": "모잠비크",
      "token": "MZ"
    },
    {
      "code": "143",
      "text": "Namibia",
      "translatedtext": "나미비아",
      "token": "NA"
    },
    {
      "code": "144",
      "text": "Nauru",
      "translatedtext": "나우루",
      "token": "NR"
    },
    {
      "code": "145",
      "text": "Nepal",
      "translatedtext": "네팔",
      "token": "NP"
    },
    {
      "code": "146",
      "text": "Netherlands",
      "translatedtext": "네덜란드",
      "token": "NL"
    },
    {
      "code": "147",
      "text": "Netherlands Antilles",
      "translatedtext": "네덜란드령 앤틸리스",
      "token": "AN"
    },
    {
      "code": "148",
      "text": "New Caledonia",
      "translatedtext": "뉴칼레도니아",
      "token": "NC"
    },
    {
      "code": "149",
      "text": "New Zealand",
      "translatedtext": "뉴질랜드",
      "token": "NZ"
    },
    {
      "code": "150",
      "text": "Nicaragua",
      "translatedtext": "니카라과",
      "token": "NI"
    },
    {
      "code": "151",
      "text": "Niger",
      "translatedtext": "니제르",
      "token": "NE"
    },
    {
      "code": "152",
      "text": "Nigeria",
      "translatedtext": "나이지리아",
      "token": "NG"
    },
    {
      "code": "153",
      "text": "Niue",
      "translatedtext": "니우에",
      "token": "NU"
    },
    {
      "code": "154",
      "text": "Norway",
      "translatedtext": "노르웨이",
      "token": "NO"
    },
    {
      "code": "155",
      "text": "Oman",
      "translatedtext": "오만",
      "token": "OM"
    },
    {
      "code": "156",
      "text": "Pakistan",
      "translatedtext": "파키스탄",
      "token": "PK"
    },
    {
      "code": "157",
      "text": "Palau",
      "translatedtext": "팔라우",
      "token": "PW"
    },
    {
      "code": "158",
      "text": "Panama",
      "translatedtext": "파나마",
      "token": "PA"
    },
    {
      "code": "159",
      "text": "Papua New Guinea",
      "translatedtext": "파푸아뉴기니",
      "token": "PG"
    },
    {
      "code": "160",
      "text": "Paraguay",
      "translatedtext": "파라과이",
      "token": "PY"
    },
    {
      "code": "161",
      "text": "Peru",
      "translatedtext": "페루",
      "token": "PE"
    },
    {
      "code": "162",
      "text": "Philippines",
      "translatedtext": "필리핀",
      "token": "PH"
    },
    {
      "code": "163",
      "text": "Poland",
      "translatedtext": "폴란드",
      "token": "PL"
    },
    {
      "code": "164",
      "text": "Portugal",
      "translatedtext": "포르투갈",
      "token": "PT"
    },
    {
      "code": "165",
      "text": "Puerto Rico",
      "translatedtext": "푸에르토리코",
      "token": "PR"
    },
    {
      "code": "166",
      "text": "Qatar",
      "translatedtext": "카타르",
      "token": "QA"
    },
    {
      "code": "167",
      "text": "Romania",
      "translatedtext": "루마니아",
      "token": "RO"
    },
    {
      "code": "168",
      "text": "Russian Federation",
      "translatedtext": "러시아 연방",
      "token": "RU"
    },
    {
      "code": "169",
      "text": "Rwanda",
      "translatedtext": "르완다",
      "token": "RW"
    },
    {
      "code": "170",
      "text": "Saint Helena",
      "translatedtext": "세인트헬레나",
      "token": "SH"
    },
    {
      "code": "171",
      "text": "Saint Kitts-Nevis",
      "translatedtext": "세인트키츠네비스",
      "token": "KN"
    },
    {
      "code": "172",
      "text": "Saint Lucia",
      "translatedtext": "세인트루시아",
      "token": "LC"
    },
    {
      "code": "173",
      "text": "Saint Pierre and Miquelon",
      "translatedtext": "생피에르 미클롱",
      "token": "PM"
    },
    {
      "code": "174",
      "text": "Saint Vincent and the Grenadines",
      "translatedtext": "세인트빈센트 그레나딘",
      "token": "VC"
    },
    {
      "code": "175",
      "text": "San Marino",
      "translatedtext": "산마리노",
      "token": "SM"
    },
    {
      "code": "176",
      "text": "Saudi Arabia",
      "translatedtext": "사우디아라비아",
      "token": "SA"
    },
    {
      "code": "177",
      "text": "Senegal",
      "translatedtext": "세네갈",
      "token": "SN"
    },
    {
      "code": "178",
      "text": "Seychelles",
      "translatedtext": "세이셸",
      "token": "SC"
    },
    {
      "code": "179",
      "text": "Sierra Leone",
      "translatedtext": "시에라리온",
      "token": "SL"
    },
    {
      "code": "180",
      "text": "Singapore",
      "translatedtext": "싱가포르",
      "token": "SG"
    },
    {
      "code": "181",
      "text": "Slovakia",
      "translatedtext": "슬로바키아",
      "token": "SK"
    },
    {
      "code": "182",
      "text": "Slovenia",
      "translatedtext": "슬로베니아",
      "token": "SI"
    },
    {
      "code": "183",
      "text": "Solomon Islands",
      "translatedtext": "솔로몬 제도",
      "token": "SB"
    },
    {
      "code": "184",
      "text": "Somalia",
      "translatedtext": "소말리아",
      "token": "SO"
    },
    {
      "code": "185",
      "text": "South Africa",
      "translatedtext": "남아프리카",
      "token": "ZA"
    },
    {
      "code": "186",
      "text": "Spain",
      "translatedtext": "스페인",
      "token": "ES"
    },
    {
      "code": "187",
      "text": "Sri Lanka",
      "translatedtext": "스리랑카",
      "token": "LK"
    },
    {
      "code": "188",
      "text": "Sudan",
      "translatedtext": "수단",
      "token": "SD"
    },
    {
      "code": "189",
      "text": "Suriname",
      "translatedtext": "수리남",
      "token": "SR"
    },
    {
      "code": "190",
      "text": "Svalbard",
      "translatedtext": "스발바르",
      "token": "SJ"
    },
    {
      "code": "191",
      "text": "Swaziland",
      "translatedtext": "스와질란드",
      "token": "SZ"
    },
    {
      "code": "192",
      "text": "Sweden",
      "translatedtext": "스웨덴",
      "token": "SE"
    },
    {
      "code": "193",
      "text": "Switzerland",
      "translatedtext": "스위스",
      "token": "CH"
    },
    {
      "code": "194",
      "text": "Syrian Arab Republic",
      "translatedtext": "시리아 아랍 공화국",
      "token": "SY"
    },
    {
      "code": "195",
      "text": "Tahiti",
      "translatedtext": "타히티",
      "token": "TA"
    },
    {
      "code": "196",
      "text": "Taiwan",
      "translatedtext": "대만",
      "token": "TW"
    },
    {
      "code": "197",
      "text": "Tajikistan",
      "translatedtext": "타지키스탄",
      "token": "TJ"
    },
    {
      "code": "198",
      "text": "Tanzania",
      "translatedtext": "탄자니아",
      "token": "TZ"
    },
    {
      "code": "199",
      "text": "Thailand",
      "translatedtext": "태국",
      "token": "TH"
    },
    {
      "code": "200",
      "text": "Togo",
      "translatedtext": "토고",
      "token": "TG"
    },
    {
      "code": "201",
      "text": "Tonga",
      "translatedtext": "통가",
      "token": "TO"
    },
    {
      "code": "202",
      "text": "Trinidad and Tobago",
      "translatedtext": "트리니다드토바고",
      "token": "TT"
    },
    {
      "code": "203",
      "text": "Tunisia",
      "translatedtext": "튀니지",
      "token": "TN"
    },
    {
      "code": "204",
      "text": "Turkey",
      "translatedtext": "터키",
      "token": "TR"
    },
    {
      "code": "205",
      "text": "Turkmenistan",
      "translatedtext": "투르크메니스탄",
      "token": "TM"
    },
    {
      "code": "206",
      "text": "Turks and Caicos Islands",
      "translatedtext": "터크스 케이커스 제도",
      "token": "TC"
    },
    {
      "code": "207",
      "text": "Tuvalu",
      "translatedtext": "투발루",
      "token": "TV"
    },
    {
      "code": "208",
      "text": "Uganda",
      "translatedtext": "우간다",
      "token": "UG"
    },
    {
      "code": "209",
      "text": "Ukraine",
      "translatedtext": "우크라이나",
      "token": "UA"
    },
    {
      "code": "210",
      "text": "United Arab Emirates",
      "translatedtext": "아랍에미리트",
      "token": "AE"
    },
    {
      "code": "211",
      "text": "Uruguay",
      "translatedtext": "우루과이",
      "token": "UY"
    },
    {
      "code": "212",
      "text": "Uzbekistan",
      "translatedtext": "우즈베키스탄",
      "token": "UZ"
    },
    {
      "code": "213",
      "text": "Vanuatu",
      "translatedtext": "바누아투",
      "token": "VU"
    },
    {
      "code": "214",
      "text": "Vatican City State",
      "translatedtext": "바티칸 시국",
      "token": "VA"
    },
    {
      "code": "215",
      "text": "Venezuela",
      "translatedtext": "베네수엘라",
      "token": "VE"
    },
    {
      "code": "216",
      "text": "Vietnam",
      "translatedtext": "베트남",
      "token": "VN"
    },
    {
      "code": "217",
      "text": "Virgin Islands (U.S.)",
      "translatedtext": "버진아일랜드(미국령)",
      "token": "VI"
    },
    {
      "code": "218",
      "text": "Wallis and Futuna",
      "translatedtext": "왈리스 푸투나",
      "token": "WF"
    },
    {
      "code": "219",
      "text": "Western Sahara",
      "translatedtext": "서사하라",
      "token": "EH"
    },
    {
      "code": "220",
      "text": "Western Samoa",
      "translatedtext": "서사모아",
      "token": "WS"
    },
    {
      "code": "221",
      "text": "Yemen",
      "translatedtext": "예멘",
      "token": "YE"
    },
    {
      "code": "223",
      "text": "Zambia",
      "translatedtext": "잠비아",
      "token": "ZM"
    },
    {
      "code": "224",
      "text": "Zimbabwe",
      "translatedtext": "짐바브웨",
      "token": "ZW"
    },
    {
      "code": "225",
      "text": "APO/FPO/DPO",
      "translatedtext": "APO/FPO/DPO",
      "token": "AP"
    },
    {
      "code": "226",
      "text": "Micronesia",
      "translatedtext": "미크로네시아",
      "token": "FM"
    },
    {
      "code": "227",
      "text": "Reunion",
      "translatedtext": "레위니옹",
      "token": "RE"
    },
    {
      "code": "228",
      "text": "Montenegro",
      "translatedtext": "몬테네그로",
      "token": "ME"
    },
    {
      "code": "229",
      "text": "Serbia",
      "translatedtext": "세르비아",
      "token": "RS"
    },
    {
      "code": "4007",
      "text": "Curacao",
      "translatedtext": "퀴라소",
      "token": "CW"
    },
    {
      "code": "4019",
      "text": "Palestine",
      "translatedtext": "팔레스타인",
      "token": "PS"
    },
    {
      "code": "4024",
      "text": "Timor-Leste",
      "translatedtext": "동티모르",
      "token": "TL"
    },
    {
      "code": "4026",
      "text": "Kosovo",
      "translatedtext": "코소보",
      "token": "XK"
    }
  ]
}