{"states":[{"code":"0","token":"default","text":"-- Select County --","translatedtext":"-- Select County --"},{"code":"0","token":"Avon","text":"Avon","translatedtext":"Avon"},{"code":"0","token":"Bedfordshire","text":"Bedfordshire","translatedtext":"Bedfordshire"},{"code":"0","token":"Berkshire","text":"Berkshire","translatedtext":"Berkshire"},{"code":"0","token":"Bristol","text":"Bristol","translatedtext":"Bristol"},{"code":"0","token":"Buckinghamshire","text":"Buckinghamshire","translatedtext":"Buckinghamshire"},{"code":"0","token":"Cambridgeshire","text":"Cambridgeshire","translatedtext":"Cambridgeshire"},{"code":"0","token":"Cheshire","text":"Cheshire","translatedtext":"Cheshire"},{"code":"0","token":"Cleveland","text":"Cleveland","translatedtext":"Cleveland"},{"code":"0","token":"Cornwall","text":"Cornwall","translatedtext":"Cornwall"},{"code":"0","token":"Cumbria","text":"Cumbria","translatedtext":"Cumbria"},{"code":"0","token":"Derbyshire","text":"Derbyshire","translatedtext":"Derbyshire"},{"code":"0","token":"Devon","text":"Devon","translatedtext":"Devon"},{"code":"0","token":"Dorset","text":"Dorset","translatedtext":"Dorset"},{"code":"0","token":"Durham","text":"Durham","translatedtext":"Durham"},{"code":"0","token":"East Riding of Yorkshire","text":"East Riding of Yorkshire","translatedtext":"East Riding of Yorkshire"},{"code":"0","token":"East Sussex","text":"East Sussex","translatedtext":"East Sussex"},{"code":"0","token":"Essex","text":"Essex","translatedtext":"Essex"},{"code":"0","token":"Gloucestershire","text":"Gloucestershire","translatedtext":"Gloucestershire"},{"code":"0","token":"Greater Manchester","text":"Greater Manchester","translatedtext":"Greater Manchester"},{"code":"0","token":"Hampshire","text":"Hampshire","translatedtext":"Hampshire"},{"code":"0","token":"Herefordshire","text":"Herefordshire","translatedtext":"Herefordshire"},{"code":"0","token":"Hertfordshire","text":"Hertfordshire","translatedtext":"Hertfordshire"},{"code":"0","token":"Humberside","text":"Humberside","translatedtext":"Humberside"},{"code":"0","token":"Isle of Wight","text":"Isle of Wight","translatedtext":"Isle of Wight"},{"code":"0","token":"Isles of Scilly","text":"Isles of Scilly","translatedtext":"Isles of Scilly"},{"code":"0","token":"Kent","text":"Kent","translatedtext":"Kent"},{"code":"0","token":"Lancashire","text":"Lancashire","translatedtext":"Lancashire"},{"code":"0","token":"Leicestershire","text":"Leicestershire","translatedtext":"Leicestershire"},{"code":"0","token":"Lincolnshire","text":"Lincolnshire","translatedtext":"Lincolnshire"},{"code":"0","token":"London","text":"London","translatedtext":"London"},{"code":"0","token":"Merseyside","text":"Merseyside","translatedtext":"Merseyside"},{"code":"0","token":"Middlesex","text":"Middlesex","translatedtext":"Middlesex"},{"code":"0","token":"Norfolk","text":"Norfolk","translatedtext":"Norfolk"},{"code":"0","token":"North Yorkshire","text":"North Yorkshire","translatedtext":"North Yorkshire"},{"code":"0","token":"Northamptonshire","text":"Northamptonshire","translatedtext":"Northamptonshire"},{"code":"0","token":"Northumberland","text":"Northumberland","translatedtext":"Northumberland"},{"code":"0","token":"Nottinghamshire","text":"Nottinghamshire","translatedtext":"Nottinghamshire"},{"code":"0","token":"Oxfordshire","text":"Oxfordshire","translatedtext":"Oxfordshire"},{"code":"0","token":"Rutland","text":"Rutland","translatedtext":"Rutland"},{"code":"0","token":"Shropshire","text":"Shropshire","translatedtext":"Shropshire"},{"code":"0","token":"Somerset","text":"Somerset","translatedtext":"Somerset"},{"code":"0","token":"South Yorkshire","text":"South Yorkshire","translatedtext":"South Yorkshire"},{"code":"0","token":"Staffordshire","text":"Staffordshire","translatedtext":"Staffordshire"},{"code":"0","token":"Suffolk","text":"Suffolk","translatedtext":"Suffolk"},{"code":"0","token":"Surrey","text":"Surrey","translatedtext":"Surrey"},{"code":"0","token":"Tyne and Wear","text":"Tyne and Wear","translatedtext":"Tyne and Wear"},{"code":"0","token":"Warwickshire","text":"Warwickshire","translatedtext":"Warwickshire"},{"code":"0","token":"West Midlands","text":"West Midlands","translatedtext":"West Midlands"},{"code":"0","token":"West Sussex","text":"West Sussex","translatedtext":"West Sussex"},{"code":"0","token":"West Yorkshire","text":"West Yorkshire","translatedtext":"West Yorkshire"},{"code":"0","token":"Wiltshire","text":"Wiltshire","translatedtext":"Wiltshire"},{"code":"0","token":"Worcestershire","text":"Worcestershire","translatedtext":"Worcestershire"},{"code":"0","token":"default2","text":"","translatedtext":""},{"code":"0","token":"default3","text":"-- Northern Ireland --","translatedtext":"-- Northern Ireland --"},{"code":"0","token":"Antrim","text":"Antrim","translatedtext":"Antrim"},{"code":"0","token":"Armagh","text":"Armagh","translatedtext":"Armagh"},{"code":"0","token":"Down","text":"Down","translatedtext":"Down"},{"code":"0","token":"Fermanagh","text":"Fermanagh","translatedtext":"Fermanagh"},{"code":"0","token":"Londonderry","text":"Londonderry","translatedtext":"Londonderry"},{"code":"0","token":"Tyrone","text":"Tyrone","translatedtext":"Tyrone"},{"code":"0","token":"default4","text":"","translatedtext":""},{"code":"0","token":"default5","text":"-- Scotland --","translatedtext":"-- Scotland --"},{"code":"0","token":"Aberdeen City","text":"Aberdeen City","translatedtext":"Aberdeen City"},{"code":"0","token":"Aberdeenshire","text":"Aberdeenshire","translatedtext":"Aberdeenshire"},{"code":"0","token":"Angus","text":"Angus","translatedtext":"Angus"},{"code":"0","token":"Argyll and Bute","text":"Argyll and Bute","translatedtext":"Argyll and Bute"},{"code":"0","token":"Borders","text":"Borders","translatedtext":"Borders"},{"code":"0","token":"Clackmannan","text":"Clackmannan","translatedtext":"Clackmannan"},{"code":"0","token":"Dumfries and Galloway","text":"Dumfries and Galloway","translatedtext":"Dumfries and Galloway"},{"code":"0","token":"Dundee (City of)","text":"Dundee (City of)","translatedtext":"Dundee (City of)"},{"code":"0","token":"East Ayrshire","text":"East Ayrshire","translatedtext":"East Ayrshire"},{"code":"0","token":"East Dunbartonshire","text":"East Dunbartonshire","translatedtext":"East Dunbartonshire"},{"code":"0","token":"East Lothian","text":"East Lothian","translatedtext":"East Lothian"},{"code":"0","token":"East Renfrewshire","text":"East Renfrewshire","translatedtext":"East Renfrewshire"},{"code":"0","token":"Edinburgh (City of)","text":"Edinburgh (City of)","translatedtext":"Edinburgh (City of)"},{"code":"0","token":"Falkirk","text":"Falkirk","translatedtext":"Falkirk"},{"code":"0","token":"Fife","text":"Fife","translatedtext":"Fife"},{"code":"0","token":"Glasgow (City of)","text":"Glasgow (City of)","translatedtext":"Glasgow (City of)"},{"code":"0","token":"Highland","text":"Highland","translatedtext":"Highland"},{"code":"0","token":"Inverclyde","text":"Inverclyde","translatedtext":"Inverclyde"},{"code":"0","token":"Midlothian","text":"Midlothian","translatedtext":"Midlothian"},{"code":"0","token":"Moray","text":"Moray","translatedtext":"Moray"},{"code":"0","token":"North Ayrshire","text":"North Ayrshire","translatedtext":"North Ayrshire"},{"code":"0","token":"North Lanarkshire","text":"North Lanarkshire","translatedtext":"North Lanarkshire"},{"code":"0","token":"Orkney","text":"Orkney","translatedtext":"Orkney"},{"code":"0","token":"Perthshire and Kinross","text":"Perthshire and Kinross","translatedtext":"Perthshire and Kinross"},{"code":"0","token":"Renfrewshire","text":"Renfrewshire","translatedtext":"Renfrewshire"},{"code":"0","token":"Shetland","text":"Shetland","translatedtext":"Shetland"},{"code":"0","token":"South Ayrshire","text":"South Ayrshire","translatedtext":"South Ayrshire"},{"code":"0","token":"South Lanarkshire","text":"South Lanarkshire","translatedtext":"South Lanarkshire"},{"code":"0","token":"Stirling","text":"Stirling","translatedtext":"Stirling"},{"code":"0","token":"West Dunbartonshire","text":"West Dunbartonshire","translatedtext":"West Dunbartonshire"},{"code":"0","token":"West Lothian","text":"West Lothian","translatedtext":"West Lothian"},{"code":"0","token":"Western Isles","text":"Western Isles","translatedtext":"Western Isles"},{"code":"0","token":"default6","text":"","translatedtext":""},{"code":"0","token":"default7","text":"-- Unitary Authorities of Wales --","translatedtext":"-- Unitary Authorities of Wales --"},{"code":"0","token":"Blaenau Gwent","text":"Blaenau Gwent","translatedtext":"Blaenau Gwent"},{"code":"0","token":"Bridgend","text":"Bridgend","translatedtext":"Bridgend"},{"code":"0","token":"Caerphilly","text":"Caerphilly","translatedtext":"Caerphilly"},{"code":"0","token":"Cardiff","text":"Cardiff","translatedtext":"Cardiff"},{"code":"0","token":"Carmarthenshire","text":"Carmarthenshire","translatedtext":"Carmarthenshire"},{"code":"0","token":"Ceredigion","text":"Ceredigion","translatedtext":"Ceredigion"},{"code":"0","token":"Conwy","text":"Conwy","translatedtext":"Conwy"},{"code":"0","token":"Denbighshire","text":"Denbighshire","translatedtext":"Denbighshire"},{"code":"0","token":"Flintshire","text":"Flintshire","translatedtext":"Flintshire"},{"code":"0","token":"Gwynedd","text":"Gwynedd","translatedtext":"Gwynedd"},{"code":"0","token":"Isle of Anglesey","text":"Isle of Anglesey","translatedtext":"Isle of Anglesey"},{"code":"0","token":"Merthyr Tydfil","text":"Merthyr Tydfil","translatedtext":"Merthyr Tydfil"},{"code":"0","token":"Monmouthshire","text":"Monmouthshire","translatedtext":"Monmouthshire"},{"code":"0","token":"Neath Port Talbot","text":"Neath Port Talbot","translatedtext":"Neath Port Talbot"},{"code":"0","token":"Newport","text":"Newport","translatedtext":"Newport"},{"code":"0","token":"Pembrokeshire","text":"Pembrokeshire","translatedtext":"Pembrokeshire"},{"code":"0","token":"Powys","text":"Powys","translatedtext":"Powys"},{"code":"0","token":"Rhondda Cynon Taff","text":"Rhondda Cynon Taff","translatedtext":"Rhondda Cynon Taff"},{"code":"0","token":"Swansea","text":"Swansea","translatedtext":"Swansea"},{"code":"0","token":"Torfaen","text":"Torfaen","translatedtext":"Torfaen"},{"code":"0","token":"The Vale of Glamorgan","text":"The Vale of Glamorgan","translatedtext":"The Vale of Glamorgan"},{"code":"0","token":"Wrexham","text":"Wrexham","translatedtext":"Wrexham"},{"code":"0","token":"default8","text":"","translatedtext":""},{"code":"0","token":"default9","text":"-- UK Offshore Dependencies --","translatedtext":"-- UK Offshore Dependencies --"},{"code":"0","token":"Channel Islands","text":"Channel Islands","translatedtext":"Channel Islands"},{"code":"0","token":"Isle of Man","text":"Isle of Man","translatedtext":"Isle of Man"}],"countries":[{"code":"3","token":"GB","text":"United Kingdom","translatedtext":"United Kingdom"},{"code":"2","token":"CA","text":"Canada","translatedtext":"Canada"},{"code":"1","token":"US","text":"United States","translatedtext":"United States"},{"code":"225","token":"AP","text":"APO/FPO","translatedtext":"APO/FPO"},{"code":"4","token":"AF","text":"Afghanistan","translatedtext":"Afghanistan"},{"code":"5","token":"AL","text":"Albania","translatedtext":"Albania"},{"code":"6","token":"DZ","text":"Algeria","translatedtext":"Algeria"},{"code":"7","token":"AS","text":"American Samoa","translatedtext":"American Samoa"},{"code":"8","token":"AD","text":"Andorra","translatedtext":"Andorra"},{"code":"9","token":"AO","text":"Angola","translatedtext":"Angola"},{"code":"10","token":"AI","text":"Anguilla","translatedtext":"Anguilla"},{"code":"11","token":"AG","text":"Antigua and Barbuda","translatedtext":"Antigua and Barbuda"},{"code":"12","token":"AR","text":"Argentina","translatedtext":"Argentina"},{"code":"13","token":"AM","text":"Armenia","translatedtext":"Armenia"},{"code":"14","token":"AW","text":"Aruba","translatedtext":"Aruba"},{"code":"15","token":"AU","text":"Australia","translatedtext":"Australia"},{"code":"16","token":"AT","text":"Austria","translatedtext":"Austria"},{"code":"17","token":"AZ","text":"Azerbaijan Republic","translatedtext":"Azerbaijan Republic"},{"code":"18","token":"BS","text":"Bahamas","translatedtext":"Bahamas"},{"code":"19","token":"BH","text":"Bahrain","translatedtext":"Bahrain"},{"code":"20","token":"BD","text":"Bangladesh","translatedtext":"Bangladesh"},{"code":"21","token":"BB","text":"Barbados","translatedtext":"Barbados"},{"code":"22","token":"BY","text":"Belarus","translatedtext":"Belarus"},{"code":"23","token":"BE","text":"Belgium","translatedtext":"Belgium"},{"code":"24","token":"BZ","text":"Belize","translatedtext":"Belize"},{"code":"25","token":"BJ","text":"Benin","translatedtext":"Benin"},{"code":"26","token":"BM","text":"Bermuda","translatedtext":"Bermuda"},{"code":"27","token":"BT","text":"Bhutan","translatedtext":"Bhutan"},{"code":"28","token":"BO","text":"Bolivia","translatedtext":"Bolivia"},{"code":"29","token":"BA","text":"Bosnia and Herzegovina","translatedtext":"Bosnia and Herzegovina"},{"code":"30","token":"BW","text":"Botswana","translatedtext":"Botswana"},{"code":"31","token":"BR","text":"Brazil","translatedtext":"Brazil"},{"code":"32","token":"IO","text":"British Virgin Islands","translatedtext":"British Virgin Islands"},{"code":"33","token":"BN","text":"Brunei Darussalam","translatedtext":"Brunei Darussalam"},{"code":"34","token":"BG","text":"Bulgaria","translatedtext":"Bulgaria"},{"code":"35","token":"BF","text":"Burkina Faso","translatedtext":"Burkina Faso"},{"code":"37","token":"BI","text":"Burundi","translatedtext":"Burundi"},{"code":"38","token":"KH","text":"Cambodia","translatedtext":"Cambodia"},{"code":"39","token":"CM","text":"Cameroon","translatedtext":"Cameroon"},{"code":"2","token":"CA","text":"Canada","translatedtext":"Canada"},{"code":"40","token":"CV","text":"Cape Verde Islands","translatedtext":"Cape Verde Islands"},{"code":"41","token":"KY","text":"Cayman Islands","translatedtext":"Cayman Islands"},{"code":"42","token":"CF","text":"Central African Republic","translatedtext":"Central African Republic"},{"code":"43","token":"TD","text":"Chad","translatedtext":"Chad"},{"code":"44","token":"CL","text":"Chile","translatedtext":"Chile"},{"code":"45","token":"CN","text":"China","translatedtext":"China"},{"code":"46","token":"CO","text":"Colombia","translatedtext":"Colombia"},{"code":"47","token":"KM","text":"Comoros","translatedtext":"Comoros"},{"code":"48","token":"CD","text":"Congo, Democratic Republic of the","translatedtext":"Congo, Democratic Republic of the"},{"code":"49","token":"CG","text":"Congo, Republic of the","translatedtext":"Congo, Republic of the"},{"code":"50","token":"CK","text":"Cook Islands","translatedtext":"Cook Islands"},{"code":"51","token":"CR","text":"Costa Rica","translatedtext":"Costa Rica"},{"code":"52","token":"CI","text":"Cote d Ivoire (Ivory Coast)","translatedtext":"Cote d Ivoire (Ivory Coast)"},{"code":"53","token":"HR","text":"Croatia, Republic of","translatedtext":"Croatia, Republic of"},{"code":"55","token":"CY","text":"Cyprus","translatedtext":"Cyprus"},{"code":"56","token":"CZ","text":"Czech Republic","translatedtext":"Czech Republic"},{"code":"57","token":"DK","text":"Denmark","translatedtext":"Denmark"},{"code":"58","token":"DJ","text":"Djibouti","translatedtext":"Djibouti"},{"code":"59","token":"DM","text":"Dominica","translatedtext":"Dominica"},{"code":"60","token":"DO","text":"Dominican Republic","translatedtext":"Dominican Republic"},{"code":"61","token":"EC","text":"Ecuador","translatedtext":"Ecuador"},{"code":"62","token":"EG","text":"Egypt","translatedtext":"Egypt"},{"code":"63","token":"SV","text":"El Salvador","translatedtext":"El Salvador"},{"code":"64","token":"GQ","text":"Equatorial Guinea","translatedtext":"Equatorial Guinea"},{"code":"65","token":"ER","text":"Eritrea","translatedtext":"Eritrea"},{"code":"66","token":"EE","text":"Estonia","translatedtext":"Estonia"},{"code":"67","token":"ET","text":"Ethiopia","translatedtext":"Ethiopia"},{"code":"68","token":"FK","text":"Falkland Islands (Islas Malvinas)","translatedtext":"Falkland Islands (Islas Malvinas)"},{"code":"69","token":"FJ","text":"Fiji","translatedtext":"Fiji"},{"code":"70","token":"FI","text":"Finland","translatedtext":"Finland"},{"code":"71","token":"FR","text":"France","translatedtext":"France"},{"code":"72","token":"GF","text":"French Guiana","translatedtext":"French Guiana"},{"code":"73","token":"FP","text":"French Polynesia","translatedtext":"French Polynesia"},{"code":"74","token":"GA","text":"Gabon Republic","translatedtext":"Gabon Republic"},{"code":"75","token":"GM","text":"Gambia","translatedtext":"Gambia"},{"code":"76","token":"GE","text":"Georgia","translatedtext":"Georgia"},{"code":"77","token":"DE","text":"Germany","translatedtext":"Germany"},{"code":"78","token":"GH","text":"Ghana","translatedtext":"Ghana"},{"code":"79","token":"GI","text":"Gibraltar","translatedtext":"Gibraltar"},{"code":"80","token":"GR","text":"Greece","translatedtext":"Greece"},{"code":"81","token":"GL","text":"Greenland","translatedtext":"Greenland"},{"code":"82","token":"GD","text":"Grenada","translatedtext":"Grenada"},{"code":"83","token":"GP","text":"Guadeloupe","translatedtext":"Guadeloupe"},{"code":"84","token":"GU","text":"Guam","translatedtext":"Guam"},{"code":"85","token":"GT","text":"Guatemala","translatedtext":"Guatemala"},{"code":"86","token":"GK","text":"Guernsey","translatedtext":"Guernsey"},{"code":"87","token":"GN","text":"Guinea","translatedtext":"Guinea"},{"code":"88","token":"GW","text":"Guinea-Bissau","translatedtext":"Guinea-Bissau"},{"code":"89","token":"GY","text":"Guyana","translatedtext":"Guyana"},{"code":"90","token":"HT","text":"Haiti","translatedtext":"Haiti"},{"code":"91","token":"HN","text":"Honduras","translatedtext":"Honduras"},{"code":"92","token":"HK","text":"Hong Kong","translatedtext":"Hong Kong"},{"code":"93","token":"HU","text":"Hungary","translatedtext":"Hungary"},{"code":"94","token":"IS","text":"Iceland","translatedtext":"Iceland"},{"code":"95","token":"IN","text":"India","translatedtext":"India"},{"code":"96","token":"ID","text":"Indonesia","translatedtext":"Indonesia"},{"code":"99","token":"IE","text":"Ireland","translatedtext":"Ireland"},{"code":"100","token":"IL","text":"Israel","translatedtext":"Israel"},{"code":"101","token":"IT","text":"Italy","translatedtext":"Italy"},{"code":"102","token":"JM","text":"Jamaica","translatedtext":"Jamaica"},{"code":"103","token":"JN","text":"Jan Mayen","translatedtext":"Jan Mayen"},{"code":"104","token":"JP","text":"Japan","translatedtext":"Japan"},{"code":"105","token":"JE","text":"Jersey","translatedtext":"Jersey"},{"code":"106","token":"JO","text":"Jordan","translatedtext":"Jordan"},{"code":"107","token":"KZ","text":"Kazakhstan","translatedtext":"Kazakhstan"},{"code":"108","token":"KE","text":"Kenya Coast Republic","translatedtext":"Kenya"},{"code":"109","token":"KI","text":"Kiribati","translatedtext":"Kiribati"},{"code":"111","token":"KR","text":"Korea, South","translatedtext":"Korea, South"},{"code":"112","token":"KW","text":"Kuwait","translatedtext":"Kuwait"},{"code":"113","token":"KG","text":"Kyrgyzstan","translatedtext":"Kyrgyzstan"},{"code":"114","token":"LA","text":"Laos","translatedtext":"Laos"},{"code":"115","token":"LV","text":"Latvia","translatedtext":"Latvia"},{"code":"116","token":"LB","text":"Lebanon","translatedtext":"Lebanon"},{"code":"120","token":"LI","text":"Liechtenstein","translatedtext":"Liechtenstein"},{"code":"121","token":"LT","text":"Lithuania","translatedtext":"Lithuania"},{"code":"122","token":"LU","text":"Luxembourg","translatedtext":"Luxembourg"},{"code":"123","token":"MO","text":"Macau","translatedtext":"Macau"},{"code":"124","token":"MK","text":"Macedonia","translatedtext":"Macedonia"},{"code":"125","token":"MG","text":"Madagascar","translatedtext":"Madagascar"},{"code":"126","token":"MW","text":"Malawi","translatedtext":"Malawi"},{"code":"127","token":"MY","text":"Malaysia","translatedtext":"Malaysia"},{"code":"128","token":"MV","text":"Maldives","translatedtext":"Maldives"},{"code":"129","token":"ML","text":"Mali","translatedtext":"Mali"},{"code":"130","token":"MT","text":"Malta","translatedtext":"Malta"},{"code":"131","token":"MH","text":"Marshall Islands","translatedtext":"Marshall Islands"},{"code":"132","token":"MQ","text":"Martinique","translatedtext":"Martinique"},{"code":"133","token":"MR","text":"Mauritania","translatedtext":"Mauritania"},{"code":"134","token":"MU","text":"Mauritius","translatedtext":"Mauritius"},{"code":"135","token":"YT","text":"Mayotte","translatedtext":"Mayotte"},{"code":"136","token":"MX","text":"Mexico","translatedtext":"Mexico"},{"code":"226","token":"FM","text":"Micronesia","translatedtext":"Micronesia"},{"code":"137","token":"MD","text":"Moldova","translatedtext":"Moldova"},{"code":"138","token":"MC","text":"Monaco","translatedtext":"Monaco"},{"code":"139","token":"MN","text":"Mongolia","translatedtext":"Mongolia"},{"code":"228","token":"ME","text":"Montenegro","translatedtext":"Montenegro"},{"code":"140","token":"MS","text":"Montserrat","translatedtext":"Montserrat"},{"code":"141","token":"MA","text":"Morocco","translatedtext":"Morocco"},{"code":"142","token":"MZ","text":"Mozambique","translatedtext":"Mozambique"},{"code":"143","token":"NA","text":"Namibia","translatedtext":"Namibia"},{"code":"144","token":"NR","text":"Nauru","translatedtext":"Nauru"},{"code":"145","token":"NP","text":"Nepal","translatedtext":"Nepal"},{"code":"146","token":"NL","text":"Netherlands","translatedtext":"Netherlands"},{"code":"147","token":"AN","text":"Netherlands Antilles","translatedtext":"Netherlands Antilles"},{"code":"148","token":"NC","text":"New Caledonia","translatedtext":"New Caledonia"},{"code":"149","token":"NZ","text":"New Zealand","translatedtext":"New Zealand"},{"code":"150","token":"NI","text":"Nicaragua","translatedtext":"Nicaragua"},{"code":"151","token":"NE","text":"Niger","translatedtext":"Niger"},{"code":"152","token":"NG","text":"Nigeria","translatedtext":"Nigeria"},{"code":"153","token":"NU","text":"Niue","translatedtext":"Niue"},{"code":"154","token":"NO","text":"Norway","translatedtext":"Norway"},{"code":"155","token":"OM","text":"Oman","translatedtext":"Oman"},{"code":"156","token":"PK","text":"Pakistan","translatedtext":"Pakistan"},{"code":"157","token":"PW","text":"Palau","translatedtext":"Palau"},{"code":"158","token":"PA","text":"Panama","translatedtext":"Panama"},{"code":"159","token":"PG","text":"Papua New Guinea","translatedtext":"Papua New Guinea"},{"code":"160","token":"PY","text":"Paraguay","translatedtext":"Paraguay"},{"code":"161","token":"PE","text":"Peru","translatedtext":"Peru"},{"code":"162","token":"PH","text":"Philippines","translatedtext":"Philippines"},{"code":"163","token":"PL","text":"Poland","translatedtext":"Poland"},{"code":"164","token":"PT","text":"Portugal","translatedtext":"Portugal"},{"code":"165","token":"PR","text":"Puerto Rico","translatedtext":"Puerto Rico"},{"code":"166","token":"QA","text":"Qatar","translatedtext":"Qatar"},{"code":"167","token":"RO","text":"Romania","translatedtext":"Romania"},{"code":"168","token":"RU","text":"Russian Federation","translatedtext":"Russian Federation"},{"code":"169","token":"RW","text":"Rwanda","translatedtext":"Rwanda"},{"code":"170","token":"SH","text":"Saint Helena","translatedtext":"Saint Helena"},{"code":"171","token":"KN","text":"Saint Kitts-Nevis","translatedtext":"Saint Kitts-Nevis"},{"code":"172","token":"LC","text":"Saint Lucia","translatedtext":"Saint Lucia"},{"code":"173","token":"PM","text":"Saint Pierre and Miquelon","translatedtext":"Saint Pierre and Miquelon"},{"code":"174","token":"VC","text":"Saint Vincent and the Grenadines","translatedtext":"Saint Vincent and the Grenadines"},{"code":"175","token":"SM","text":"San Marino","translatedtext":"San Marino"},{"code":"176","token":"SA","text":"Saudi Arabia","translatedtext":"Saudi Arabia"},{"code":"177","token":"SN","text":"Senegal","translatedtext":"Senegal"},{"code":"229","token":"RS","text":"Serbia","translatedtext":"Serbia"},{"code":"178","token":"SC","text":"Seychelles","translatedtext":"Seychelles"},{"code":"179","token":"SL","text":"Sierra Leone","translatedtext":"Sierra Leone"},{"code":"180","token":"SG","text":"Singapore","translatedtext":"Singapore"},{"code":"181","token":"SK","text":"Slovakia","translatedtext":"Slovakia"},{"code":"182","token":"SI","text":"Slovenia","translatedtext":"Slovenia"},{"code":"183","token":"SB","text":"Solomon Islands","translatedtext":"Solomon Islands"},{"code":"184","token":"SO","text":"Somalia","translatedtext":"Somalia"},{"code":"185","token":"ZA","text":"South Africa","translatedtext":"South Africa"},{"code":"186","token":"ES","text":"Spain","translatedtext":"Spain"},{"code":"187","token":"LK","text":"Sri Lanka","translatedtext":"Sri Lanka"},{"code":"189","token":"SR","text":"Suriname","translatedtext":"Suriname"},{"code":"190","token":"SJ","text":"Svalbard","translatedtext":"Svalbard"},{"code":"191","token":"SZ","text":"Swaziland","translatedtext":"Swaziland"},{"code":"192","token":"SE","text":"Sweden","translatedtext":"Sweden"},{"code":"193","token":"CH","text":"Switzerland","translatedtext":"Switzerland"},{"code":"195","token":"TA","text":"Tahiti","translatedtext":"Tahiti"},{"code":"196","token":"TW","text":"Taiwan","translatedtext":"Taiwan"},{"code":"197","token":"TJ","text":"Tajikistan","translatedtext":"Tajikistan"},{"code":"198","token":"TZ","text":"Tanzania","translatedtext":"Tanzania"},{"code":"199","token":"TH","text":"Thailand","translatedtext":"Thailand"},{"code":"200","token":"TG","text":"Togo","translatedtext":"Togo"},{"code":"201","token":"TO","text":"Tonga","translatedtext":"Tonga"},{"code":"202","token":"TT","text":"Trinidad and Tobago","translatedtext":"Trinidad and Tobago"},{"code":"203","token":"TN","text":"Tunisia","translatedtext":"Tunisia"},{"code":"204","token":"TR","text":"Turkey","translatedtext":"Turkey"},{"code":"205","token":"TM","text":"Turkmenistan","translatedtext":"Turkmenistan"},{"code":"206","token":"TC","text":"Turks and Caicos Islands","translatedtext":"Turks and Caicos Islands"},{"code":"207","token":"TV","text":"Tuvalu","translatedtext":"Tuvalu"},{"code":"208","token":"UG","text":"Uganda","translatedtext":"Uganda"},{"code":"209","token":"UA","text":"Ukraine","translatedtext":"Ukraine"},{"code":"210","token":"AE","text":"United Arab Emirates","translatedtext":"United Arab Emirates"},{"code":"3","token":"GB","text":"United Kingdom","translatedtext":"United Kingdom"},{"code":"1","token":"US","text":"United States","translatedtext":"United States"},{"code":"211","token":"UY","text":"Uruguay","translatedtext":"Uruguay"},{"code":"212","token":"UZ","text":"Uzbekistan","translatedtext":"Uzbekistan"},{"code":"213","token":"VU","text":"Vanuatu","translatedtext":"Vanuatu"},{"code":"214","token":"VA","text":"Vatican City State","translatedtext":"Vatican City State"},{"code":"215","token":"VE","text":"Venezuela","translatedtext":"Venezuela"},{"code":"216","token":"VN","text":"Vietnam","translatedtext":"Vietnam"},{"code":"217","token":"VI","text":"Virgin Islands (U.S.)","translatedtext":"Virgin Islands (U.S.)"},{"code":"218","token":"WF","text":"Wallis and Futuna","translatedtext":"Wallis and Futuna"},{"code":"219","token":"EH","text":"Western Sahara","translatedtext":"Western Sahara"},{"code":"220","token":"WS","text":"Western Samoa","translatedtext":"Western Samoa"},{"code":"221","token":"YE","text":"Yemen","translatedtext":"Yemen"},{"code":"223","token":"ZM","text":"Zambia","translatedtext":"Zambia"},{"code":"224","token":"ZW","text":"Zimbabwe","translatedtext":"Zimbabwe"}]}