{"countries":[{"code":"16","token":"AT","text":"Austria","translatedtext":"Österreich"},{"code":"77","token":"DE","text":"Germany","translatedtext":"Deutschland"},{"code":"193","token":"CH","text":"Switzerland","translatedtext":"Schweiz"},{"code":"4","token":"AF","text":"Afghanistan","translatedtext":"Afghanistan"},{"code":"62","token":"EG","text":"Egypt","translatedtext":"Ägypten"},{"code":"5","token":"AL","text":"Albania","translatedtext":"Albanien"},{"code":"6","token":"DZ","text":"Algeria","translatedtext":"Algerien"},{"code":"217","token":"VI","text":"Virgin Islands (U.S.)","translatedtext":"Amerikanische Jungferninseln"},{"code":"7","token":"AS","text":"American Samoa","translatedtext":"Amerikanisch Samoa"},{"code":"8","token":"AD","text":"Andorra","translatedtext":"Andorra"},{"code":"9","token":"AO","text":"Angola","translatedtext":"Angola"},{"code":"10","token":"AI","text":"Anguilla","translatedtext":"Anguilla"},{"code":"11","token":"AG","text":"Antigua and Barbuda","translatedtext":"Antigua und Barbuda"},{"code":"225","token":"AP","text":"APO/FPO","translatedtext":"APO/FPO (US-Militärpost)"},{"code":"64","token":"GQ","text":"Equatorial Guinea","translatedtext":"Äquatorial-Guinea"},{"code":"12","token":"AR","text":"Argentina","translatedtext":"Argentinien"},{"code":"13","token":"AM","text":"Armenia","translatedtext":"Armenien"},{"code":"14","token":"AW","text":"Aruba","translatedtext":"Aruba"},{"code":"17","token":"AZ","text":"Azerbaijan Republic","translatedtext":"Aserbaidschan"},{"code":"67","token":"ET","text":"Ethiopia","translatedtext":"Äthiopien"},{"code":"15","token":"AU","text":"Australia","translatedtext":"Australien"},{"code":"18","token":"BS","text":"Bahamas","translatedtext":"Bahamas"},{"code":"19","token":"BH","text":"Bahrain","translatedtext":"Bahrain"},{"code":"20","token":"BD","text":"Bangladesh","translatedtext":"Bangladesch"},{"code":"21","token":"BB","text":"Barbados","translatedtext":"Barbados"},{"code":"23","token":"BE","text":"Belgium","translatedtext":"Belgien"},{"code":"24","token":"BZ","text":"Belize","translatedtext":"Belize"},{"code":"25","token":"BJ","text":"Benin","translatedtext":"Benin"},{"code":"26","token":"BM","text":"Bermuda","translatedtext":"Bermuda"},{"code":"27","token":"BT","text":"Bhutan","translatedtext":"Bhutan"},{"code":"28","token":"BO","text":"Bolivia","translatedtext":"Bolivien"},{"code":"29","token":"BA","text":"Bosnia and Herzegovina","translatedtext":"Bosnien und Herzegowina"},{"code":"30","token":"BW","text":"Botswana","translatedtext":"Botswana"},{"code":"31","token":"BR","text":"Brazil","translatedtext":"Brasilien"},{"code":"32","token":"IO","text":"British Virgin Islands","translatedtext":"Britische Jungferninseln"},{"code":"33","token":"BN","text":"Brunei Darussalam","translatedtext":"Brunei Darussalam"},{"code":"34","token":"BG","text":"Bulgaria","translatedtext":"Bulgarien"},{"code":"35","token":"BF","text":"Burkina Faso","translatedtext":"Burkina Faso"},{"code":"37","token":"BI","text":"Burundi","translatedtext":"Burundi"},{"code":"41","token":"KY","text":"Cayman Islands","translatedtext":"Cayman-Inseln"},{"code":"44","token":"CL","text":"Chile","translatedtext":"Chile"},{"code":"45","token":"CN","text":"China","translatedtext":"China"},{"code":"50","token":"CK","text":"Cook Islands","translatedtext":"Cook-Inseln"},{"code":"51","token":"CR","text":"Costa Rica","translatedtext":"Costa Rica"},{"code":"57","token":"DK","text":"Denmark","translatedtext":"Dänemark"},{"code":"48","token":"CD","text":"Congo, Democratic Republic of the","translatedtext":"Demokratische Republik Kongo"},{"code":"59","token":"DM","text":"Dominica","translatedtext":"Dominica"},{"code":"60","token":"DO","text":"Dominican Republic","translatedtext":"Dominikanische Republik"},{"code":"58","token":"DJ","text":"Djibouti","translatedtext":"Dschibuti"},{"code":"61","token":"EC","text":"Ecuador","translatedtext":"Ecuador"},{"code":"52","token":"CI","text":"Cote d Ivoire (Ivory Coast)","translatedtext":"Elfenbeinküste"},{"code":"63","token":"SV","text":"El Salvador","translatedtext":"El Salvador"},{"code":"65","token":"ER","text":"Eritrea","translatedtext":"Eritrea"},{"code":"66","token":"EE","text":"Estonia","translatedtext":"Estland"},{"code":"68","token":"FK","text":"Falkland Islands (Islas Malvinas)","translatedtext":"Falklandinseln (Islas Malvinas)"},{"code":"69","token":"FJ","text":"Fiji","translatedtext":"Fidschi-Inseln"},{"code":"70","token":"FI","text":"Finland","translatedtext":"Finnland"},{"code":"71","token":"FR","text":"France","translatedtext":"Frankreich"},{"code":"72","token":"GF","text":"French Guiana","translatedtext":"Französisch-Guyana"},{"code":"73","token":"FP","text":"French Polynesia","translatedtext":"Französisch-Polynesien"},{"code":"74","token":"GA","text":"Gabon Republic","translatedtext":"Gabun"},{"code":"75","token":"GM","text":"Gambia","translatedtext":"Gambia"},{"code":"76","token":"GE","text":"Georgia","translatedtext":"Georgien"},{"code":"78","token":"GH","text":"Ghana","translatedtext":"Ghana"},{"code":"79","token":"GI","text":"Gibraltar","translatedtext":"Gibraltar"},{"code":"82","token":"GD","text":"Grenada","translatedtext":"Grenada"},{"code":"80","token":"GR","text":"Greece","translatedtext":"Griechenland"},{"code":"81","token":"GL","text":"Greenland","translatedtext":"Grönland"},{"code":"3","token":"GB","text":"United Kingdom","translatedtext":"Großbritannien"},{"code":"83","token":"GP","text":"Guadeloupe","translatedtext":"Guadeloupe"},{"code":"84","token":"GU","text":"Guam","translatedtext":"Guam"},{"code":"85","token":"GT","text":"Guatemala","translatedtext":"Guatemala"},{"code":"86","token":"GK","text":"Guernsey","translatedtext":"Guernsey"},{"code":"87","token":"GN","text":"Guinea","translatedtext":"Guinea"},{"code":"88","token":"GW","text":"Guinea-Bissau","translatedtext":"Guinea-Bissau"},{"code":"89","token":"GY","text":"Guyana","translatedtext":"Guyana"},{"code":"90","token":"HT","text":"Haiti","translatedtext":"Haiti"},{"code":"91","token":"HN","text":"Honduras","translatedtext":"Honduras"},{"code":"92","token":"HK","text":"Hong Kong","translatedtext":"Hong Kong"},{"code":"95","token":"IN","text":"India","translatedtext":"Indien"},{"code":"96","token":"ID","text":"Indonesia","translatedtext":"Indonesien"},{"code":"99","token":"IE","text":"Ireland","translatedtext":"Irland"},{"code":"94","token":"IS","text":"Iceland","translatedtext":"Island"},{"code":"100","token":"IL","text":"Israel","translatedtext":"Israel"},{"code":"101","token":"IT","text":"Italy","translatedtext":"Italien"},{"code":"102","token":"JM","text":"Jamaica","translatedtext":"Jamaika"},{"code":"103","token":"JN","text":"Jan Mayen","translatedtext":"Jan Mayen"},{"code":"104","token":"JP","text":"Japan","translatedtext":"Japan"},{"code":"221","token":"YE","text":"Yemen","translatedtext":"Jemen"},{"code":"105","token":"JE","text":"Jersey","translatedtext":"Jersey"},{"code":"106","token":"JO","text":"Jordan","translatedtext":"Jordanien"},{"code":"38","token":"KH","text":"Cambodia","translatedtext":"Kambodscha"},{"code":"39","token":"CM","text":"Cameroon","translatedtext":"Kamerun"},{"code":"2","token":"CA","text":"Canada","translatedtext":"Kanada"},{"code":"40","token":"CV","text":"Cape Verde Islands","translatedtext":"Kapverdische Inseln"},{"code":"107","token":"KZ","text":"Kazakhstan","translatedtext":"Kasachstan"},{"code":"166","token":"QA","text":"Qatar","translatedtext":"Katar"},{"code":"108","token":"KE","text":"Kenya Coast Republic","translatedtext":"Kenia"},{"code":"113","token":"KG","text":"Kyrgyzstan","translatedtext":"Kirgistan"},{"code":"109","token":"KI","text":"Kiribati","translatedtext":"Kiribati"},{"code":"46","token":"CO","text":"Colombia","translatedtext":"Kolumbien"},{"code":"47","token":"KM","text":"Comoros","translatedtext":"Komoren"},{"code":"49","token":"CG","text":"Congo, Republic of the","translatedtext":"Kongo Republik (Brazzaville)"},{"code":"53","token":"HR","text":"Croatia, Republic of","translatedtext":"Kroatien"},{"code":"112","token":"KW","text":"Kuwait","translatedtext":"Kuwait"},{"code":"114","token":"LA","text":"Laos","translatedtext":"Laos"},{"code":"115","token":"LV","text":"Latvia","translatedtext":"Lettland"},{"code":"116","token":"LB","text":"Lebanon","translatedtext":"Libanon"},{"code":"120","token":"LI","text":"Liechtenstein","translatedtext":"Liechtenstein"},{"code":"121","token":"LT","text":"Lithuania","translatedtext":"Litauen"},{"code":"122","token":"LU","text":"Luxembourg","translatedtext":"Luxemburg"},{"code":"123","token":"MO","text":"Macau","translatedtext":"Macau"},{"code":"125","token":"MG","text":"Madagascar","translatedtext":"Madagaskar"},{"code":"126","token":"MW","text":"Malawi","translatedtext":"Malawi"},{"code":"127","token":"MY","text":"Malaysia","translatedtext":"Malaysia"},{"code":"128","token":"MV","text":"Maldives","translatedtext":"Malediven"},{"code":"129","token":"ML","text":"Mali","translatedtext":"Mali"},{"code":"130","token":"MT","text":"Malta","translatedtext":"Malta"},{"code":"141","token":"MA","text":"Morocco","translatedtext":"Marokko"},{"code":"131","token":"MH","text":"Marshall Islands","translatedtext":"Marshall-Inseln"},{"code":"132","token":"MQ","text":"Martinique","translatedtext":"Martinique"},{"code":"133","token":"MR","text":"Mauritania","translatedtext":"Mauretanien"},{"code":"134","token":"MU","text":"Mauritius","translatedtext":"Mauritius"},{"code":"135","token":"YT","text":"Mayotte","translatedtext":"Mayotte"},{"code":"124","token":"MK","text":"Macedonia","translatedtext":"Mazedonien"},{"code":"136","token":"MX","text":"Mexico","translatedtext":"Mexiko"},{"code":"226","token":"FM","text":"Micronesia","translatedtext":"Micronesia"},{"code":"137","token":"MD","text":"Moldova","translatedtext":"Moldawien"},{"code":"138","token":"MC","text":"Monaco","translatedtext":"Monaco"},{"code":"139","token":"MN","text":"Mongolia","translatedtext":"Mongolei"},{"code":"228","token":"ME","text":"Montenegro","translatedtext":"Montenegro"},{"code":"140","token":"MS","text":"Montserrat","translatedtext":"Montserrat"},{"code":"142","token":"MZ","text":"Mozambique","translatedtext":"Mosambik"},{"code":"143","token":"NA","text":"Namibia","translatedtext":"Namibia"},{"code":"144","token":"NR","text":"Nauru","translatedtext":"Nauru"},{"code":"145","token":"NP","text":"Nepal","translatedtext":"Nepal"},{"code":"148","token":"NC","text":"New Caledonia","translatedtext":"Neukaledonien"},{"code":"149","token":"NZ","text":"New Zealand","translatedtext":"Neuseeland"},{"code":"146","token":"NL","text":"Netherlands","translatedtext":"Niederlande"},{"code":"147","token":"AN","text":"Netherlands Antilles","translatedtext":"Niederländische Antillen"},{"code":"150","token":"NI","text":"Nicaragua","translatedtext":"Nikaragua"},{"code":"151","token":"NE","text":"Niger","translatedtext":"Niger"},{"code":"152","token":"NG","text":"Nigeria","translatedtext":"Nigeria"},{"code":"153","token":"NU","text":"Niue","translatedtext":"Niue"},{"code":"154","token":"NO","text":"Norway","translatedtext":"Norwegen"},{"code":"155","token":"OM","text":"Oman","translatedtext":"Oman"},{"code":"156","token":"PK","text":"Pakistan","translatedtext":"Pakistan"},{"code":"157","token":"PW","text":"Palau","translatedtext":"Palau"},{"code":"158","token":"PA","text":"Panama","translatedtext":"Panama"},{"code":"159","token":"PG","text":"Papua New Guinea","translatedtext":"Papua-Neuguinea"},{"code":"160","token":"PY","text":"Paraguay","translatedtext":"Paraguay"},{"code":"161","token":"PE","text":"Peru","translatedtext":"Peru"},{"code":"162","token":"PH","text":"Philippines","translatedtext":"Philippinen"},{"code":"163","token":"PL","text":"Poland","translatedtext":"Polen"},{"code":"164","token":"PT","text":"Portugal","translatedtext":"Portugal"},{"code":"165","token":"PR","text":"Puerto Rico","translatedtext":"Puerto Rico"},{"code":"169","token":"RW","text":"Rwanda","translatedtext":"Ruanda"},{"code":"227","token":"RE","text":"Reunion","translatedtext":"Réunion"},{"code":"167","token":"RO","text":"Romania","translatedtext":"Rumänien"},{"code":"168","token":"RU","text":"Russian Federation","translatedtext":"Russische Föderation"},{"code":"170","token":"SH","text":"Saint Helena","translatedtext":"Saint Helena"},{"code":"171","token":"KN","text":"Saint Kitts-Nevis","translatedtext":"Saint Kitts-Nevis"},{"code":"172","token":"LC","text":"Saint Lucia","translatedtext":"Saint Lucia"},{"code":"173","token":"PM","text":"Saint Pierre and Miquelon","translatedtext":"Saint Pierre und Miquelon"},{"code":"174","token":"VC","text":"Saint Vincent and the Grenadines","translatedtext":"Saint Vincent und die Grenadinen"},{"code":"183","token":"SB","text":"Solomon Islands","translatedtext":"Salomonen (Salomon-Inseln)"},{"code":"223","token":"ZM","text":"Zambia","translatedtext":"Sambia"},{"code":"175","token":"SM","text":"San Marino","translatedtext":"San Marino"},{"code":"176","token":"SA","text":"Saudi Arabia","translatedtext":"Saudi Arabien"},{"code":"192","token":"SE","text":"Sweden","translatedtext":"Schweden"},{"code":"177","token":"SN","text":"Senegal","translatedtext":"Senegal"},{"code":"229","token":"RS","text":"Serbia","translatedtext":"Serbien"},{"code":"178","token":"SC","text":"Seychelles","translatedtext":"Seychellen"},{"code":"179","token":"SL","text":"Sierra Leone","translatedtext":"Sierra Leone"},{"code":"224","token":"ZW","text":"Zimbabwe","translatedtext":"Simbabwe"},{"code":"180","token":"SG","text":"Singapore","translatedtext":"Singapur"},{"code":"181","token":"SK","text":"Slovakia","translatedtext":"Slowakei"},{"code":"182","token":"SI","text":"Slovenia","translatedtext":"Slowenien"},{"code":"184","token":"SO","text":"Somalia","translatedtext":"Somalia"},{"code":"186","token":"ES","text":"Spain","translatedtext":"Spanien"},{"code":"187","token":"LK","text":"Sri Lanka","translatedtext":"Sri Lanka"},{"code":"185","token":"ZA","text":"South Africa","translatedtext":"Südafrika"},{"code":"111","token":"KR","text":"Korea, South","translatedtext":"Südkorea"},{"code":"189","token":"SR","text":"Suriname","translatedtext":"Surinam"},{"code":"190","token":"SJ","text":"Svalbard","translatedtext":"Svalbard (Spitzbergen)"},{"code":"191","token":"SZ","text":"Swaziland","translatedtext":"Swasiland"},{"code":"197","token":"TJ","text":"Tajikistan","translatedtext":"Tadschikistan"},{"code":"195","token":"TA","text":"Tahiti","translatedtext":"Tahiti"},{"code":"196","token":"TW","text":"Taiwan","translatedtext":"Taiwan"},{"code":"198","token":"TZ","text":"Tanzania","translatedtext":"Tansania"},{"code":"199","token":"TH","text":"Thailand","translatedtext":"Thailand"},{"code":"200","token":"TG","text":"Togo","translatedtext":"Togo"},{"code":"201","token":"TO","text":"Tonga","translatedtext":"Tonga"},{"code":"202","token":"TT","text":"Trinidad and Tobago","translatedtext":"Trinidad und Tobago"},{"code":"43","token":"TD","text":"Chad","translatedtext":"Tschad"},{"code":"56","token":"CZ","text":"Czech Republic","translatedtext":"Tschechische Republik"},{"code":"203","token":"TN","text":"Tunisia","translatedtext":"Tunesien"},{"code":"204","token":"TR","text":"Turkey","translatedtext":"Türkei"},{"code":"205","token":"TM","text":"Turkmenistan","translatedtext":"Turkmenistan"},{"code":"206","token":"TC","text":"Turks and Caicos Islands","translatedtext":"Turks und Caicos-Inseln"},{"code":"207","token":"TV","text":"Tuvalu","translatedtext":"Tuvalu"},{"code":"208","token":"UG","text":"Uganda","translatedtext":"Uganda"},{"code":"209","token":"UA","text":"Ukraine","translatedtext":"Ukraine"},{"code":"93","token":"HU","text":"Hungary","translatedtext":"Ungarn"},{"code":"211","token":"UY","text":"Uruguay","translatedtext":"Uruguay"},{"code":"212","token":"UZ","text":"Uzbekistan","translatedtext":"Usbekistan"},{"code":"213","token":"VU","text":"Vanuatu","translatedtext":"Vanuatu"},{"code":"214","token":"VA","text":"Vatican City State","translatedtext":"Vatikanstadt (Heiliger Stuhl)"},{"code":"215","token":"VE","text":"Venezuela","translatedtext":"Venezuela"},{"code":"210","token":"AE","text":"United Arab Emirates","translatedtext":"Vereinigte Arabische Emirate"},{"code":"1","token":"US","text":"United States","translatedtext":"Vereinigte Staaten von Amerika"},{"code":"216","token":"VN","text":"Vietnam","translatedtext":"Vietnam"},{"code":"218","token":"WF","text":"Wallis and Futuna","translatedtext":"Wallis und Futuna-Inseln"},{"code":"22","token":"BY","text":"Belarus","translatedtext":"Weißrussland"},{"code":"219","token":"EH","text":"Western Sahara","translatedtext":"West-Sahara"},{"code":"220","token":"WS","text":"Western Samoa","translatedtext":"West-Samoa"},{"code":"42","token":"CF","text":"Central African Republic","translatedtext":"Zentralafrikanische Republik"},{"code":"55","token":"CY","text":"Cyprus","translatedtext":"Zypern"}]}