{
  "countries": [
    {
      "code": "1",
      "token": "US",
      "text": "米国",
      "translatedtext": "米国"
    },
    {
      "code": "225",
      "token": "AP",
      "text": "APO/FPO/DPO",
      "translatedtext": "APO/FPO/DPO"
    },
    {
      "code": "2",
      "token": "CA",
      "text": "カナダ",
      "translatedtext": "カナダ"
    },
    {
      "code": "3",
      "token": "GB",
      "text": "英国",
      "translatedtext": "英国"
    },
    {
      "code": "4",
      "token": "AF",
      "text": "アフガニスタン",
      "translatedtext": "アフガニスタン"
    },
    {
      "code": "5",
      "token": "AL",
      "text": "アルバニア",
      "translatedtext": "アルバニア"
    },
    {
      "code": "6",
      "token": "DZ",
      "text": "アルジェリア",
      "translatedtext": "アルジェリア"
    },
    {
      "code": "7",
      "token": "AS",
      "text": "アメリカ領サモア",
      "translatedtext": "アメリカ領サモア"
    },
    {
      "code": "8",
      "token": "AD",
      "text": "アンドラ",
      "translatedtext": "アンドラ"
    },
    {
      "code": "9",
      "token": "AO",
      "text": "アンゴラ",
      "translatedtext": "アンゴラ"
    },
    {
      "code": "10",
      "token": "AI",
      "text": "アンギラ",
      "translatedtext": "アンギラ"
    },
    {
      "code": "11",
      "token": "AG",
      "text": "アンティグア・バーブーダ",
      "translatedtext": "アンティグア・バーブーダ"
    },
    {
      "code": "12",
      "token": "AR",
      "text": "アルゼンチン",
      "translatedtext": "アルゼンチン"
    },
    {
      "code": "13",
      "token": "AM",
      "text": "アルメニア",
      "translatedtext": "アルメニア"
    },
    {
      "code": "14",
      "token": "AW",
      "text": "アルバ",
      "translatedtext": "アルバ"
    },
    {
      "code": "15",
      "token": "AU",
      "text": "オーストラリア",
      "translatedtext": "オーストラリア"
    },
    {
      "code": "16",
      "token": "AT",
      "text": "オーストリア",
      "translatedtext": "オーストリア"
    },
    {
      "code": "17",
      "token": "AZ",
      "text": "アゼルバイジャン共和国",
      "translatedtext": "アゼルバイジャン共和国"
    },
    {
      "code": "18",
      "token": "BS",
      "text": "バハマ",
      "translatedtext": "バハマ"
    },
    {
      "code": "19",
      "token": "BH",
      "text": "バーレーン",
      "translatedtext": "バーレーン"
    },
    {
      "code": "20",
      "token": "BD",
      "text": "バングラデシュ",
      "translatedtext": "バングラデシュ"
    },
    {
      "code": "21",
      "token": "BB",
      "text": "バルバドス",
      "translatedtext": "バルバドス"
    },
    {
      "code": "22",
      "token": "BY",
      "text": "ベラルーシ",
      "translatedtext": "ベラルーシ"
    },
    {
      "code": "23",
      "token": "BE",
      "text": "ベルギー",
      "translatedtext": "ベルギー"
    },
    {
      "code": "24",
      "token": "BZ",
      "text": "ベリーズ",
      "translatedtext": "ベリーズ"
    },
    {
      "code": "25",
      "token": "BJ",
      "text": "ベナン",
      "translatedtext": "ベナン"
    },
    {
      "code": "26",
      "token": "BM",
      "text": "バミューダ",
      "translatedtext": "バミューダ"
    },
    {
      "code": "27",
      "token": "BT",
      "text": "ブータン",
      "translatedtext": "ブータン"
    },
    {
      "code": "28",
      "token": "BO",
      "text": "ボリビア",
      "translatedtext": "ボリビア"
    },
    {
      "code": "29",
      "token": "BA",
      "text": "ボスニア・ヘルツェゴビナ",
      "translatedtext": "ボスニア・ヘルツェゴビナ"
    },
    {
      "code": "30",
      "token": "BW",
      "text": "ボツワナ",
      "translatedtext": "ボツワナ"
    },
    {
      "code": "31",
      "token": "BR",
      "text": "ブラジル",
      "translatedtext": "ブラジル"
    },
    {
      "code": "32",
      "token": "IO",
      "text": "イギリス領バージン諸島",
      "translatedtext": "イギリス領バージン諸島"
    },
    {
      "code": "33",
      "token": "BN",
      "text": "ブルネイ・ダルサラーム",
      "translatedtext": "ブルネイ・ダルサラーム"
    },
    {
      "code": "34",
      "token": "BG",
      "text": "ブルガリア",
      "translatedtext": "ブルガリア"
    },
    {
      "code": "35",
      "token": "BF",
      "text": "ブルキナファソ",
      "translatedtext": "ブルキナファソ"
    },
    {
      "code": "37",
      "token": "BI",
      "text": "ブルンジ",
      "translatedtext": "ブルンジ"
    },
    {
      "code": "38",
      "token": "KH",
      "text": "カンボジア",
      "translatedtext": "カンボジア"
    },
    {
      "code": "39",
      "token": "CM",
      "text": "カメルーン",
      "translatedtext": "カメルーン"
    },
    {
      "code": "2",
      "token": "CA",
      "text": "カナダ",
      "translatedtext": "カナダ"
    },
    {
      "code": "40",
      "token": "CV",
      "text": "カーボベルデ共和国",
      "translatedtext": "カーボベルデ共和国"
    },
    {
      "code": "41",
      "token": "KY",
      "text": "ケイマン諸島",
      "translatedtext": "ケイマン諸島"
    },
    {
      "code": "42",
      "token": "CF",
      "text": "中央アフリカ共和国",
      "translatedtext": "中央アフリカ共和国"
    },
    {
      "code": "43",
      "token": "TD",
      "text": "チャド",
      "translatedtext": "チャド"
    },
    {
      "code": "44",
      "token": "CL",
      "text": "チリ",
      "translatedtext": "チリ"
    },
    {
      "code": "45",
      "token": "CN",
      "text": "中国本土",
      "translatedtext": "中国本土"
    },
    {
      "code": "46",
      "token": "CO",
      "text": "コロンビア",
      "translatedtext": "コロンビア"
    },
    {
      "code": "47",
      "token": "KM",
      "text": "コモロ",
      "translatedtext": "コモロ"
    },
    {
      "code": "48",
      "token": "CD",
      "text": "コンゴ民主共和国",
      "translatedtext": "コンゴ民主共和国"
    },
    {
      "code": "49",
      "token": "CG",
      "text": "コンゴ共和国",
      "translatedtext": "コンゴ共和国"
    },
    {
      "code": "50",
      "token": "CK",
      "text": "クック諸島",
      "translatedtext": "クック諸島"
    },
    {
      "code": "51",
      "token": "CR",
      "text": "コスタリカ",
      "translatedtext": "コスタリカ"
    },
    {
      "code": "52",
      "token": "CI",
      "text": "コートジボワール（象牙海岸）",
      "translatedtext": "コートジボワール（象牙海岸）"
    },
    {
      "code": "53",
      "token": "HR",
      "text": "クロアチア共和国",
      "translatedtext": "クロアチア共和国"
    },
    {
      "code": "4007",
      "token": "CW",
      "text": "キュラソー",
      "translatedtext": "キュラソー"
    },
    {
      "code": "55",
      "token": "CY",
      "text": "キプロス",
      "translatedtext": "キプロス"
    },
    {
      "code": "56",
      "token": "CZ",
      "text": "チェコ共和国",
      "translatedtext": "チェコ共和国"
    },
    {
      "code": "57",
      "token": "DK",
      "text": "デンマーク",
      "translatedtext": "デンマーク"
    },
    {
      "code": "58",
      "token": "DJ",
      "text": "ジブチ",
      "translatedtext": "ジブチ"
    },
    {
      "code": "59",
      "token": "DM",
      "text": "ドミニカ",
      "translatedtext": "ドミニカ"
    },
    {
      "code": "60",
      "token": "DO",
      "text": "ドミニカ共和国",
      "translatedtext": "ドミニカ共和国"
    },
    {
      "code": "61",
      "token": "EC",
      "text": "エクアドル",
      "translatedtext": "エクアドル"
    },
    {
      "code": "62",
      "token": "EG",
      "text": "エジプト",
      "translatedtext": "エジプト"
    },
    {
      "code": "63",
      "token": "SV",
      "text": "エルサルバドル",
      "translatedtext": "エルサルバドル"
    },
    {
      "code": "64",
      "token": "GQ",
      "text": "赤道ギニア",
      "translatedtext": "赤道ギニア"
    },
    {
      "code": "65",
      "token": "ER",
      "text": "エリトリア",
      "translatedtext": "エリトリア"
    },
    {
      "code": "66",
      "token": "EE",
      "text": "エストニア",
      "translatedtext": "エストニア"
    },
    {
      "code": "67",
      "token": "ET",
      "text": "エチオピア",
      "translatedtext": "エチオピア"
    },
    {
      "code": "68",
      "token": "FK",
      "text": "フォークランド諸島（マルビナス諸島）",
      "translatedtext": "フォークランド諸島（マルビナス諸島）"
    },
    {
      "code": "69",
      "token": "FJ",
      "text": "フィジー",
      "translatedtext": "フィジー"
    },
    {
      "code": "70",
      "token": "FI",
      "text": "フィンランド",
      "translatedtext": "フィンランド"
    },
    {
      "code": "71",
      "token": "FR",
      "text": "フランス",
      "translatedtext": "フランス"
    },
    {
      "code": "72",
      "token": "GF",
      "text": "フランス領ギアナ",
      "translatedtext": "フランス領ギアナ"
    },
    {
      "code": "73",
      "token": "FP",
      "text": "フランス領ポリネシア",
      "translatedtext": "フランス領ポリネシア"
    },
    {
      "code": "74",
      "token": "GA",
      "text": "ガボン共和国",
      "translatedtext": "ガボン共和国"
    },
    {
      "code": "75",
      "token": "GM",
      "text": "ガンビア",
      "translatedtext": "ガンビア"
    },
    {
      "code": "76",
      "token": "GE",
      "text": "ジョージア",
      "translatedtext": "ジョージア"
    },
    {
      "code": "77",
      "token": "DE",
      "text": "ドイツ",
      "translatedtext": "ドイツ"
    },
    {
      "code": "78",
      "token": "GH",
      "text": "ガーナ",
      "translatedtext": "ガーナ"
    },
    {
      "code": "79",
      "token": "GI",
      "text": "ジブラルタル",
      "translatedtext": "ジブラルタル"
    },
    {
      "code": "80",
      "token": "GR",
      "text": "ギリシャ",
      "translatedtext": "ギリシャ"
    },
    {
      "code": "81",
      "token": "GL",
      "text": "グリーンランド",
      "translatedtext": "グリーンランド"
    },
    {
      "code": "82",
      "token": "GD",
      "text": "グレナダ",
      "translatedtext": "グレナダ"
    },
    {
      "code": "83",
      "token": "GP",
      "text": "グアドループ",
      "translatedtext": "グアドループ"
    },
    {
      "code": "84",
      "token": "GU",
      "text": "グアム",
      "translatedtext": "グアム"
    },
    {
      "code": "85",
      "token": "GT",
      "text": "グアテマラ",
      "translatedtext": "グアテマラ"
    },
    {
      "code": "86",
      "token": "GG",
      "text": "ガーンジー",
      "translatedtext": "ガーンジー"
    },
    {
      "code": "87",
      "token": "GN",
      "text": "ギニア",
      "translatedtext": "ギニア"
    },
    {
      "code": "88",
      "token": "GW",
      "text": "ギニアビサウ",
      "translatedtext": "ギニアビサウ"
    },
    {
      "code": "89",
      "token": "GY",
      "text": "ガイアナ",
      "translatedtext": "ガイアナ"
    },
    {
      "code": "90",
      "token": "HT",
      "text": "ハイチ",
      "translatedtext": "ハイチ"
    },
    {
      "code": "91",
      "token": "HN",
      "text": "ホンジュラス",
      "translatedtext": "ホンジュラス"
    },
    {
      "code": "92",
      "token": "HK",
      "text": "香港",
      "translatedtext": "香港"
    },
    {
      "code": "93",
      "token": "HU",
      "text": "ハンガリー",
      "translatedtext": "ハンガリー"
    },
    {
      "code": "94",
      "token": "IS",
      "text": "アイスランド",
      "translatedtext": "アイスランド"
    },
    {
      "code": "95",
      "token": "IN",
      "text": "インド",
      "translatedtext": "インド"
    },
    {
      "code": "96",
      "token": "ID",
      "text": "インドネシア",
      "translatedtext": "インドネシア"
    },
    {
      "code": "99",
      "token": "IE",
      "text": "アイルランド",
      "translatedtext": "アイルランド"
    },
    {
      "code": "100",
      "token": "IL",
      "text": "イスラエル",
      "translatedtext": "イスラエル"
    },
    {
      "code": "101",
      "token": "IT",
      "text": "イタリア",
      "translatedtext": "イタリア"
    },
    {
      "code": "102",
      "token": "JM",
      "text": "ジャマイカ",
      "translatedtext": "ジャマイカ"
    },
    {
      "code": "103",
      "token": "JN",
      "text": "ヤン・マイエン島",
      "translatedtext": "ヤン・マイエン島"
    },
    {
      "code": "104",
      "token": "JP",
      "text": "日本",
      "translatedtext": "日本"
    },
    {
      "code": "105",
      "token": "JE",
      "text": "ジャージー",
      "translatedtext": "ジャージー"
    },
    {
      "code": "106",
      "token": "JO",
      "text": "ヨルダン",
      "translatedtext": "ヨルダン"
    },
    {
      "code": "107",
      "token": "KZ",
      "text": "カザフスタン",
      "translatedtext": "カザフスタン"
    },
    {
      "code": "108",
      "token": "KE",
      "text": "ケニア",
      "translatedtext": "ケニア"
    },
    {
      "code": "109",
      "token": "KI",
      "text": "キリバス",
      "translatedtext": "キリバス"
    },
    {
      "code": "111",
      "token": "KR",
      "text": "韓国",
      "translatedtext": "韓国"
    },
    {
      "code": "112",
      "token": "KW",
      "text": "クウェート",
      "translatedtext": "クウェート"
    },
    {
      "code": "113",
      "token": "KG",
      "text": "キルギスタン",
      "translatedtext": "キルギスタン"
    },
    {
      "code": "114",
      "token": "LA",
      "text": "ラオス",
      "translatedtext": "ラオス"
    },
    {
      "code": "115",
      "token": "LV",
      "text": "ラトビア",
      "translatedtext": "ラトビア"
    },
    {
      "code": "116",
      "token": "LB",
      "text": "レバノン",
      "translatedtext": "レバノン"
    },
    {
      "code": "120",
      "token": "LI",
      "text": "リヒテンシュタイン",
      "translatedtext": "リヒテンシュタイン"
    },
    {
      "code": "121",
      "token": "LT",
      "text": "リトアニア",
      "translatedtext": "リトアニア"
    },
    {
      "code": "122",
      "token": "LU",
      "text": "ルクセンブルク",
      "translatedtext": "ルクセンブルク"
    },
    {
      "code": "123",
      "token": "MO",
      "text": "マカオ",
      "translatedtext": "マカオ"
    },
    {
      "code": "124",
      "token": "MK",
      "text": "マケドニア",
      "translatedtext": "マケドニア"
    },
    {
      "code": "125",
      "token": "MG",
      "text": "マダガスカル",
      "translatedtext": "マダガスカル"
    },
    {
      "code": "126",
      "token": "MW",
      "text": "マラウイ",
      "translatedtext": "マラウイ"
    },
    {
      "code": "127",
      "token": "MY",
      "text": "マレーシア",
      "translatedtext": "マレーシア"
    },
    {
      "code": "128",
      "token": "MV",
      "text": "モルディブ",
      "translatedtext": "モルディブ"
    },
    {
      "code": "129",
      "token": "ML",
      "text": "マリ",
      "translatedtext": "マリ"
    },
    {
      "code": "130",
      "token": "MT",
      "text": "マルタ",
      "translatedtext": "マルタ"
    },
    {
      "code": "131",
      "token": "MH",
      "text": "マーシャル諸島",
      "translatedtext": "マーシャル諸島"
    },
    {
      "code": "132",
      "token": "MQ",
      "text": "マルティニーク",
      "translatedtext": "マルティニーク"
    },
    {
      "code": "133",
      "token": "MR",
      "text": "モーリタニア",
      "translatedtext": "モーリタニア"
    },
    {
      "code": "134",
      "token": "MU",
      "text": "モーリシャス",
      "translatedtext": "モーリシャス"
    },
    {
      "code": "135",
      "token": "YT",
      "text": "マヨット",
      "translatedtext": "マヨット"
    },
    {
      "code": "136",
      "token": "MX",
      "text": "メキシコ",
      "translatedtext": "メキシコ"
    },
    {
      "code": "226",
      "token": "FM",
      "text": "ミクロネシア連邦",
      "translatedtext": "ミクロネシア連邦"
    },
    {
      "code": "137",
      "token": "MD",
      "text": "モルドバ",
      "translatedtext": "モルドバ"
    },
    {
      "code": "138",
      "token": "MC",
      "text": "モナコ",
      "translatedtext": "モナコ"
    },
    {
      "code": "139",
      "token": "MN",
      "text": "モンゴル",
      "translatedtext": "モンゴル"
    },
    {
      "code": "228",
      "token": "ME",
      "text": "モンテネグロ",
      "translatedtext": "モンテネグロ"
    },
    {
      "code": "140",
      "token": "MS",
      "text": "モントセラト",
      "translatedtext": "モントセラト"
    },
    {
      "code": "141",
      "token": "MA",
      "text": "モロッコ",
      "translatedtext": "モロッコ"
    },
    {
      "code": "142",
      "token": "MZ",
      "text": "モザンビーク",
      "translatedtext": "モザンビーク"
    },
    {
      "code": "143",
      "token": "NA",
      "text": "ナミビア",
      "translatedtext": "ナミビア"
    },
    {
      "code": "144",
      "token": "NR",
      "text": "ナウル",
      "translatedtext": "ナウル"
    },
    {
      "code": "145",
      "token": "NP",
      "text": "ネパール",
      "translatedtext": "ネパール"
    },
    {
      "code": "146",
      "token": "NL",
      "text": "オランダ",
      "translatedtext": "オランダ"
    },
    {
      "code": "147",
      "token": "AN",
      "text": "オランダ領アンティル",
      "translatedtext": "オランダ領アンティル"
    },
    {
      "code": "148",
      "token": "NC",
      "text": "ニューカレドニア",
      "translatedtext": "ニューカレドニア"
    },
    {
      "code": "149",
      "token": "NZ",
      "text": "ニュージーランド",
      "translatedtext": "ニュージーランド"
    },
    {
      "code": "150",
      "token": "NI",
      "text": "ニカラグア",
      "translatedtext": "ニカラグア"
    },
    {
      "code": "151",
      "token": "NE",
      "text": "ニジェール",
      "translatedtext": "ニジェール"
    },
    {
      "code": "152",
      "token": "NG",
      "text": "ナイジェリア",
      "translatedtext": "ナイジェリア"
    },
    {
      "code": "153",
      "token": "NU",
      "text": "ニウエ",
      "translatedtext": "ニウエ"
    },
    {
      "code": "154",
      "token": "NO",
      "text": "ノルウェー",
      "translatedtext": "ノルウェー"
    },
    {
      "code": "155",
      "token": "OM",
      "text": "オマーン",
      "translatedtext": "オマーン"
    },
    {
      "code": "156",
      "token": "PK",
      "text": "パキスタン",
      "translatedtext": "パキスタン"
    },
    {
      "code": "157",
      "token": "PW",
      "text": "パラオ",
      "translatedtext": "パラオ"
    },
    {
      "code": "158",
      "token": "PA",
      "text": "パナマ",
      "translatedtext": "パナマ"
    },
    {
      "code": "159",
      "token": "PG",
      "text": "パプアニューギニア",
      "translatedtext": "パプアニューギニア"
    },
    {
      "code": "160",
      "token": "PY",
      "text": "パラグアイ",
      "translatedtext": "パラグアイ"
    },
    {
      "code": "161",
      "token": "PE",
      "text": "ペルー",
      "translatedtext": "ペルー"
    },
    {
      "code": "162",
      "token": "PH",
      "text": "フィリピン",
      "translatedtext": "フィリピン"
    },
    {
      "code": "163",
      "token": "PL",
      "text": "ポーランド",
      "translatedtext": "ポーランド"
    },
    {
      "code": "164",
      "token": "PT",
      "text": "ポルトガル",
      "translatedtext": "ポルトガル"
    },
    {
      "code": "165",
      "token": "PR",
      "text": "プエルトリコ",
      "translatedtext": "プエルトリコ"
    },
    {
      "code": "166",
      "token": "QA",
      "text": "カタール",
      "translatedtext": "カタール"
    },
    {
      "code": "227",
      "token": "RE",
      "text": "レユニオン",
      "translatedtext": "レユニオン"
    },
    {
      "code": "167",
      "token": "RO",
      "text": "ルーマニア",
      "translatedtext": "ルーマニア"
    },
    {
      "code": "168",
      "token": "RU",
      "text": "ロシア",
      "translatedtext": "ロシア"
    },
    {
      "code": "169",
      "token": "RW",
      "text": "ルワンダ",
      "translatedtext": "ルワンダ"
    },
    {
      "code": "170",
      "token": "SH",
      "text": "セントヘレナ",
      "translatedtext": "セントヘレナ"
    },
    {
      "code": "171",
      "token": "KN",
      "text": "セントクリストファー・ネイビス",
      "translatedtext": "セントクリストファー・ネイビス"
    },
    {
      "code": "172",
      "token": "LC",
      "text": "セントルシア",
      "translatedtext": "セントルシア"
    },
    {
      "code": "173",
      "token": "PM",
      "text": "サンピエール島・ミクロン島",
      "translatedtext": "サンピエール島・ミクロン島"
    },
    {
      "code": "174",
      "token": "VC",
      "text": "セントビンセントおよびグレナディーン諸島",
      "translatedtext": "セントビンセントおよびグレナディーン諸島"
    },
    {
      "code": "175",
      "token": "SM",
      "text": "サンマリノ",
      "translatedtext": "サンマリノ"
    },
    {
      "code": "176",
      "token": "SA",
      "text": "サウジアラビア",
      "translatedtext": "サウジアラビア"
    },
    {
      "code": "177",
      "token": "SN",
      "text": "セネガル",
      "translatedtext": "セネガル"
    },
    {
      "code": "229",
      "token": "RS",
      "text": "セルビア",
      "translatedtext": "セルビア"
    },
    {
      "code": "178",
      "token": "SC",
      "text": "セイシェル",
      "translatedtext": "セイシェル"
    },
    {
      "code": "179",
      "token": "SL",
      "text": "シエラレオネ",
      "translatedtext": "シエラレオネ"
    },
    {
      "code": "180",
      "token": "SG",
      "text": "シンガポール",
      "translatedtext": "シンガポール"
    },
    {
      "code": "181",
      "token": "SK",
      "text": "スロバキア",
      "translatedtext": "スロバキア"
    },
    {
      "code": "182",
      "token": "SI",
      "text": "スロベニア",
      "translatedtext": "スロベニア"
    },
    {
      "code": "183",
      "token": "SB",
      "text": "ソロモン諸島",
      "translatedtext": "ソロモン諸島"
    },
    {
      "code": "184",
      "token": "SO",
      "text": "ソマリア",
      "translatedtext": "ソマリア"
    },
    {
      "code": "185",
      "token": "ZA",
      "text": "南アフリカ",
      "translatedtext": "南アフリカ"
    },
    {
      "code": "186",
      "token": "ES",
      "text": "スペイン",
      "translatedtext": "スペイン"
    },
    {
      "code": "187",
      "token": "LK",
      "text": "スリランカ",
      "translatedtext": "スリランカ"
    },
    {
      "code": "189",
      "token": "SR",
      "text": "スリナム",
      "translatedtext": "スリナム"
    },
    {
      "code": "190",
      "token": "SJ",
      "text": "スヴァールバル",
      "translatedtext": "スヴァールバル"
    },
    {
      "code": "191",
      "token": "SZ",
      "text": "スワジランド",
      "translatedtext": "スワジランド"
    },
    {
      "code": "192",
      "token": "SE",
      "text": "スウェーデン",
      "translatedtext": "スウェーデン"
    },
    {
      "code": "193",
      "token": "CH",
      "text": "スイス",
      "translatedtext": "スイス"
    },
    {
      "code": "195",
      "token": "TA",
      "text": "タヒチ",
      "translatedtext": "タヒチ"
    },
    {
      "code": "196",
      "token": "TW",
      "text": "台湾",
      "translatedtext": "台湾"
    },
    {
      "code": "197",
      "token": "TJ",
      "text": "タジキスタン",
      "translatedtext": "タジキスタン"
    },
    {
      "code": "198",
      "token": "TZ",
      "text": "タンザニア",
      "translatedtext": "タンザニア"
    },
    {
      "code": "199",
      "token": "TH",
      "text": "タイ",
      "translatedtext": "タイ"
    },
    {
      "code": "200",
      "token": "TG",
      "text": "トーゴ",
      "translatedtext": "トーゴ"
    },
    {
      "code": "201",
      "token": "TO",
      "text": "トンガ",
      "translatedtext": "トンガ"
    },
    {
      "code": "202",
      "token": "TT",
      "text": "トリニダード・トバゴ",
      "translatedtext": "トリニダード・トバゴ"
    },
    {
      "code": "203",
      "token": "TN",
      "text": "チュニジア",
      "translatedtext": "チュニジア"
    },
    {
      "code": "204",
      "token": "TR",
      "text": "トルコ",
      "translatedtext": "トルコ"
    },
    {
      "code": "205",
      "token": "TM",
      "text": "トルクメニスタン",
      "translatedtext": "トルクメニスタン"
    },
    {
      "code": "206",
      "token": "TC",
      "text": "タークス・カイコス諸島",
      "translatedtext": "タークス・カイコス諸島"
    },
    {
      "code": "207",
      "token": "TV",
      "text": "ツバル",
      "translatedtext": "ツバル"
    },
    {
      "code": "208",
      "token": "UG",
      "text": "ウガンダ",
      "translatedtext": "ウガンダ"
    },
    {
      "code": "209",
      "token": "UA",
      "text": "ウクライナ",
      "translatedtext": "ウクライナ"
    },
    {
      "code": "210",
      "token": "AE",
      "text": "アラブ首長国連邦",
      "translatedtext": "アラブ首長国連邦"
    },
    {
      "code": "3",
      "token": "GB",
      "text": "英国",
      "translatedtext": "英国"
    },
    {
      "code": "1",
      "token": "US",
      "text": "米国",
      "translatedtext": "米国"
    },
    {
      "code": "211",
      "token": "UY",
      "text": "ウルグアイ",
      "translatedtext": "ウルグアイ"
    },
    {
      "code": "212",
      "token": "UZ",
      "text": "ウズベキスタン",
      "translatedtext": "ウズベキスタン"
    },
    {
      "code": "213",
      "token": "VU",
      "text": "バヌアツ",
      "translatedtext": "バヌアツ"
    },
    {
      "code": "214",
      "token": "VA",
      "text": "バチカン市国",
      "translatedtext": "バチカン市国"
    },
    {
      "code": "215",
      "token": "VE",
      "text": "ベネズエラ",
      "translatedtext": "ベネズエラ"
    },
    {
      "code": "216",
      "token": "VN",
      "text": "ベトナム",
      "translatedtext": "ベトナム"
    },
    {
      "code": "217",
      "token": "VI",
      "text": "バージン諸島（米国）",
      "translatedtext": "バージン諸島（米国）"
    },
    {
      "code": "218",
      "token": "WF",
      "text": "ウォリス・フツナ",
      "translatedtext": "ウォリス・フツナ"
    },
    {
      "code": "219",
      "token": "EH",
      "text": "西サハラ",
      "translatedtext": "西サハラ"
    },
    {
      "code": "220",
      "token": "WS",
      "text": "西サモア",
      "translatedtext": "西サモア"
    },
    {
      "code": "221",
      "token": "YE",
      "text": "イエメン",
      "translatedtext": "イエメン"
    },
    {
      "code": "223",
      "token": "ZM",
      "text": "ザンビア",
      "translatedtext": "ザンビア"
    },
    {
      "code": "224",
      "token": "ZW",
      "text": "ジンバブエ",
      "translatedtext": "ジンバブエ"
    }
  ],
  "nationalities": [
    {
      "code": "1",
      "text": "United States",
      "translatedtext": "米国",
      "token": "US"
    },
    {
      "code": "2",
      "text": "Canada",
      "translatedtext": "カナダ",
      "token": "CA"
    },
    {
      "code": "3",
      "text": "United Kingdom",
      "translatedtext": "英国",
      "token": "GB"
    },
    {
      "code": "4",
      "text": "Afghanistan",
      "translatedtext": "アフガニスタン",
      "token": "AF"
    },
    {
      "code": "5",
      "text": "Albania",
      "translatedtext": "アルバニア",
      "token": "AL"
    },
    {
      "code": "6",
      "text": "Algeria",
      "translatedtext": "アルジェリア",
      "token": "DZ"
    },
    {
      "code": "7",
      "text": "American Samoa",
      "translatedtext": "アメリカ領サモア",
      "token": "AS"
    },
    {
      "code": "8",
      "text": "Andorra",
      "translatedtext": "アンドラ",
      "token": "AD"
    },
    {
      "code": "9",
      "text": "Angola",
      "translatedtext": "アンゴラ",
      "token": "AO"
    },
    {
      "code": "10",
      "text": "Anguilla",
      "translatedtext": "アンギラ",
      "token": "AI"
    },
    {
      "code": "11",
      "text": "Antigua and Barbuda",
      "translatedtext": "アンティグア・バーブーダ",
      "token": "AG"
    },
    {
      "code": "12",
      "text": "Argentina",
      "translatedtext": "アルゼンチン",
      "token": "AR"
    },
    {
      "code": "13",
      "text": "Armenia",
      "translatedtext": "アルメニア",
      "token": "AM"
    },
    {
      "code": "14",
      "text": "Aruba",
      "translatedtext": "アルバ",
      "token": "AW"
    },
    {
      "code": "15",
      "text": "Australia",
      "translatedtext": "オーストラリア",
      "token": "AU"
    },
    {
      "code": "16",
      "text": "Austria",
      "translatedtext": "オーストリア",
      "token": "AT"
    },
    {
      "code": "17",
      "text": "Azerbaijan Republic",
      "translatedtext": "アゼルバイジャン共和国",
      "token": "AZ"
    },
    {
      "code": "18",
      "text": "Bahamas",
      "translatedtext": "バハマ",
      "token": "BS"
    },
    {
      "code": "19",
      "text": "Bahrain",
      "translatedtext": "バーレーン",
      "token": "BH"
    },
    {
      "code": "20",
      "text": "Bangladesh",
      "translatedtext": "バングラデシュ",
      "token": "BD"
    },
    {
      "code": "21",
      "text": "Barbados",
      "translatedtext": "バルバドス",
      "token": "BB"
    },
    {
      "code": "22",
      "text": "Belarus",
      "translatedtext": "ベラルーシ",
      "token": "BY"
    },
    {
      "code": "23",
      "text": "Belgium",
      "translatedtext": "ベルギー",
      "token": "BE"
    },
    {
      "code": "24",
      "text": "Belize",
      "translatedtext": "ベリーズ",
      "token": "BZ"
    },
    {
      "code": "25",
      "text": "Benin",
      "translatedtext": "ベナン",
      "token": "BJ"
    },
    {
      "code": "26",
      "text": "Bermuda",
      "translatedtext": "バミューダ",
      "token": "BM"
    },
    {
      "code": "27",
      "text": "Bhutan",
      "translatedtext": "ブータン",
      "token": "BT"
    },
    {
      "code": "28",
      "text": "Bolivia",
      "translatedtext": "ボリビア",
      "token": "BO"
    },
    {
      "code": "29",
      "text": "Bosnia and Herzegovina",
      "translatedtext": "ボスニア・ヘルツェゴビナ",
      "token": "BA"
    },
    {
      "code": "30",
      "text": "Botswana",
      "translatedtext": "ボツワナ",
      "token": "BW"
    },
    {
      "code": "31",
      "text": "Brazil",
      "translatedtext": "ブラジル",
      "token": "BR"
    },
    {
      "code": "32",
      "text": "British Virgin Islands",
      "translatedtext": "イギリス領バージン諸島",
      "token": "IO"
    },
    {
      "code": "33",
      "text": "Brunei Darussalam",
      "translatedtext": "ブルネイ・ダルサラーム",
      "token": "BN"
    },
    {
      "code": "34",
      "text": "Bulgaria",
      "translatedtext": "ブルガリア",
      "token": "BG"
    },
    {
      "code": "35",
      "text": "Burkina Faso",
      "translatedtext": "ブルキナファソ",
      "token": "BF"
    },
    {
      "code": "36",
      "text": "Myanmar",
      "translatedtext": "ミャンマー",
      "token": "MM"
    },
    {
      "code": "37",
      "text": "Burundi",
      "translatedtext": "ブルンジ",
      "token": "BI"
    },
    {
      "code": "38",
      "text": "Cambodia",
      "translatedtext": "カンボジア",
      "token": "KH"
    },
    {
      "code": "39",
      "text": "Cameroon",
      "translatedtext": "カメルーン",
      "token": "CM"
    },
    {
      "code": "40",
      "text": "Cape Verde Islands",
      "translatedtext": "カーボベルデ諸島",
      "token": "CV"
    },
    {
      "code": "41",
      "text": "Cayman Islands",
      "translatedtext": "ケイマン諸島",
      "token": "KY"
    },
    {
      "code": "42",
      "text": "Central African Republic",
      "translatedtext": "中央アフリカ共和国",
      "token": "CF"
    },
    {
      "code": "43",
      "text": "Chad",
      "translatedtext": "チャド",
      "token": "TD"
    },
    {
      "code": "44",
      "text": "Chile",
      "translatedtext": "チリ",
      "token": "CL"
    },
    {
      "code": "45",
      "text": "China Mainland",
      "translatedtext": "中国本土",
      "token": "CN"
    },
    {
      "code": "46",
      "text": "Colombia",
      "translatedtext": "コロンビア",
      "token": "CO"
    },
    {
      "code": "47",
      "text": "Comoros",
      "translatedtext": "コモロ",
      "token": "KM"
    },
    {
      "code": "48",
      "text": "Congo, Democratic Republic of the",
      "translatedtext": "コンゴ民主共和国",
      "token": "CD"
    },
    {
      "code": "49",
      "text": "Congo, Republic of the",
      "translatedtext": "コンゴ共和国",
      "token": "CG"
    },
    {
      "code": "50",
      "text": "Cook Islands",
      "translatedtext": "クック諸島",
      "token": "CK"
    },
    {
      "code": "51",
      "text": "Costa Rica",
      "translatedtext": "コスタリカ",
      "token": "CR"
    },
    {
      "code": "52",
      "text": "Cote d Ivoire (Ivory Coast)",
      "translatedtext": "コートジボワール（象牙海岸）",
      "token": "CI"
    },
    {
      "code": "53",
      "text": "Croatia, Republic of",
      "translatedtext": "クロアチア共和国",
      "token": "HR"
    },
    {
      "code": "54",
      "text": "Cuba",
      "translatedtext": "キューバ",
      "token": "CU"
    },
    {
      "code": "55",
      "text": "Cyprus",
      "translatedtext": "キプロス",
      "token": "CY"
    },
    {
      "code": "56",
      "text": "Czech Republic",
      "translatedtext": "チェコ共和国",
      "token": "CZ"
    },
    {
      "code": "57",
      "text": "Denmark",
      "translatedtext": "デンマーク",
      "token": "DK"
    },
    {
      "code": "58",
      "text": "Djibouti",
      "translatedtext": "ジブチ",
      "token": "DJ"
    },
    {
      "code": "59",
      "text": "Dominica",
      "translatedtext": "ドミニカ",
      "token": "DM"
    },
    {
      "code": "60",
      "text": "Dominican Republic",
      "translatedtext": "ドミニカ共和国",
      "token": "DO"
    },
    {
      "code": "61",
      "text": "Ecuador",
      "translatedtext": "エクアドル",
      "token": "EC"
    },
    {
      "code": "62",
      "text": "Egypt",
      "translatedtext": "エジプト",
      "token": "EG"
    },
    {
      "code": "63",
      "text": "El Salvador",
      "translatedtext": "エルサルバドル",
      "token": "SV"
    },
    {
      "code": "64",
      "text": "Equatorial Guinea",
      "translatedtext": "赤道ギニア",
      "token": "GQ"
    },
    {
      "code": "65",
      "text": "Eritrea",
      "translatedtext": "エリトリア",
      "token": "ER"
    },
    {
      "code": "66",
      "text": "Estonia",
      "translatedtext": "エストニア",
      "token": "EE"
    },
    {
      "code": "67",
      "text": "Ethiopia",
      "translatedtext": "エチオピア",
      "token": "ET"
    },
    {
      "code": "68",
      "text": "Falkland Islands (Islas Malvinas)",
      "translatedtext": "フォークランド諸島（マルビナス諸島）",
      "token": "FK"
    },
    {
      "code": "69",
      "text": "Fiji",
      "translatedtext": "フィジー",
      "token": "FJ"
    },
    {
      "code": "70",
      "text": "Finland",
      "translatedtext": "フィンランド",
      "token": "FI"
    },
    {
      "code": "71",
      "text": "France",
      "translatedtext": "フランス",
      "token": "FR"
    },
    {
      "code": "72",
      "text": "French Guiana",
      "translatedtext": "フランス領ギアナ",
      "token": "GF"
    },
    {
      "code": "73",
      "text": "French Polynesia",
      "translatedtext": "フランス領ポリネシア",
      "token": "FP"
    },
    {
      "code": "74",
      "text": "Gabon Republic",
      "translatedtext": "ガボン共和国",
      "token": "GA"
    },
    {
      "code": "75",
      "text": "Gambia",
      "translatedtext": "ガンビア",
      "token": "GM"
    },
    {
      "code": "76",
      "text": "Georgia",
      "translatedtext": "ジョージア",
      "token": "GE"
    },
    {
      "code": "77",
      "text": "Germany",
      "translatedtext": "ドイツ",
      "token": "DE"
    },
    {
      "code": "78",
      "text": "Ghana",
      "translatedtext": "ガーナ",
      "token": "GH"
    },
    {
      "code": "79",
      "text": "Gibraltar",
      "translatedtext": "ジブラルタル",
      "token": "GI"
    },
    {
      "code": "80",
      "text": "Greece",
      "translatedtext": "ギリシャ",
      "token": "GR"
    },
    {
      "code": "81",
      "text": "Greenland",
      "translatedtext": "グリーンランド",
      "token": "GL"
    },
    {
      "code": "82",
      "text": "Grenada",
      "translatedtext": "グレナダ",
      "token": "GD"
    },
    {
      "code": "83",
      "text": "Guadeloupe",
      "translatedtext": "グアドループ",
      "token": "GP"
    },
    {
      "code": "84",
      "text": "Guam",
      "translatedtext": "グアム",
      "token": "GU"
    },
    {
      "code": "85",
      "text": "Guatemala",
      "translatedtext": "グアテマラ",
      "token": "GT"
    },
    {
      "code": "86",
      "text": "Guernsey",
      "translatedtext": "ガーンジー",
      "token": "GG"
    },
    {
      "code": "87",
      "text": "Guinea",
      "translatedtext": "ギニア",
      "token": "GN"
    },
    {
      "code": "88",
      "text": "Guinea-Bissau",
      "translatedtext": "ギニアビサウ",
      "token": "GW"
    },
    {
      "code": "89",
      "text": "Guyana",
      "translatedtext": "ガイアナ",
      "token": "GY"
    },
    {
      "code": "90",
      "text": "Haiti",
      "translatedtext": "ハイチ",
      "token": "HT"
    },
    {
      "code": "91",
      "text": "Honduras",
      "translatedtext": "ホンジュラス",
      "token": "HN"
    },
    {
      "code": "92",
      "text": "Hong Kong",
      "translatedtext": "香港",
      "token": "HK"
    },
    {
      "code": "93",
      "text": "Hungary",
      "translatedtext": "ハンガリー",
      "token": "HU"
    },
    {
      "code": "94",
      "text": "Iceland",
      "translatedtext": "アイスランド",
      "token": "IS"
    },
    {
      "code": "95",
      "text": "India",
      "translatedtext": "インド",
      "token": "IN"
    },
    {
      "code": "96",
      "text": "Indonesia",
      "translatedtext": "インドネシア",
      "token": "ID"
    },
    {
      "code": "97",
      "text": "Iran",
      "translatedtext": "イラン",
      "token": "IR"
    },
    {
      "code": "98",
      "text": "Iraq",
      "translatedtext": "イラク",
      "token": "IQ"
    },
    {
      "code": "99",
      "text": "Ireland",
      "translatedtext": "アイルランド",
      "token": "IE"
    },
    {
      "code": "100",
      "text": "Israel",
      "translatedtext": "イスラエル",
      "token": "IL"
    },
    {
      "code": "101",
      "text": "Italy",
      "translatedtext": "イタリア",
      "token": "IT"
    },
    {
      "code": "102",
      "text": "Jamaica",
      "translatedtext": "ジャマイカ",
      "token": "JM"
    },
    {
      "code": "103",
      "text": "Jan Mayen",
      "translatedtext": "ヤン・マイエン島",
      "token": "JN"
    },
    {
      "code": "104",
      "text": "Japan",
      "translatedtext": "日本",
      "token": "JP"
    },
    {
      "code": "105",
      "text": "Jersey",
      "translatedtext": "ジャージー",
      "token": "JE"
    },
    {
      "code": "106",
      "text": "Jordan",
      "translatedtext": "ヨルダン",
      "token": "JO"
    },
    {
      "code": "107",
      "text": "Kazakhstan",
      "translatedtext": "カザフスタン",
      "token": "KZ"
    },
    {
      "code": "108",
      "text": "Kenya",
      "translatedtext": "ケニア",
      "token": "KE"
    },
    {
      "code": "109",
      "text": "Kiribati",
      "translatedtext": "キリバス",
      "token": "KI"
    },
    {
      "code": "110",
      "text": "North Korea",
      "translatedtext": "北朝鮮",
      "token": "KP"
    },
    {
      "code": "111",
      "text": "Korea, South",
      "translatedtext": "韓国",
      "token": "KR"
    },
    {
      "code": "112",
      "text": "Kuwait",
      "translatedtext": "クウェート",
      "token": "KW"
    },
    {
      "code": "113",
      "text": "Kyrgyzstan",
      "translatedtext": "キルギスタン",
      "token": "KG"
    },
    {
      "code": "114",
      "text": "Laos",
      "translatedtext": "ラオス",
      "token": "LA"
    },
    {
      "code": "115",
      "text": "Latvia",
      "translatedtext": "ラトビア",
      "token": "LV"
    },
    {
      "code": "116",
      "text": "Lebanon",
      "translatedtext": "レバノン",
      "token": "LB"
    },
    {
      "code": "117",
      "text": "Lesotho",
      "translatedtext": "レソト",
      "token": "LS"
    },
    {
      "code": "118",
      "text": "Liberia",
      "translatedtext": "リベリア",
      "token": "LR"
    },
    {
      "code": "119",
      "text": "Libya",
      "translatedtext": "リビア",
      "token": "LY"
    },
    {
      "code": "120",
      "text": "Liechtenstein",
      "translatedtext": "リヒテンシュタイン",
      "token": "LI"
    },
    {
      "code": "121",
      "text": "Lithuania",
      "translatedtext": "リトアニア",
      "token": "LT"
    },
    {
      "code": "122",
      "text": "Luxembourg",
      "translatedtext": "ルクセンブルク",
      "token": "LU"
    },
    {
      "code": "123",
      "text": "Macau",
      "translatedtext": "マカオ",
      "token": "MO"
    },
    {
      "code": "124",
      "text": "Macedonia",
      "translatedtext": "マケドニア",
      "token": "MK"
    },
    {
      "code": "125",
      "text": "Madagascar",
      "translatedtext": "マダガスカル",
      "token": "MG"
    },
    {
      "code": "126",
      "text": "Malawi",
      "translatedtext": "マラウイ",
      "token": "MW"
    },
    {
      "code": "127",
      "text": "Malaysia",
      "translatedtext": "マレーシア",
      "token": "MY"
    },
    {
      "code": "128",
      "text": "Maldives",
      "translatedtext": "モルディブ",
      "token": "MV"
    },
    {
      "code": "129",
      "text": "Mali",
      "translatedtext": "マリ",
      "token": "ML"
    },
    {
      "code": "130",
      "text": "Malta",
      "translatedtext": "マルタ",
      "token": "MT"
    },
    {
      "code": "131",
      "text": "Marshall Islands",
      "translatedtext": "マーシャル諸島",
      "token": "MH"
    },
    {
      "code": "132",
      "text": "Martinique",
      "translatedtext": "マルティニーク",
      "token": "MQ"
    },
    {
      "code": "133",
      "text": "Mauritania",
      "translatedtext": "モーリタニア",
      "token": "MR"
    },
    {
      "code": "134",
      "text": "Mauritius",
      "translatedtext": "モーリシャス",
      "token": "MU"
    },
    {
      "code": "135",
      "text": "Mayotte",
      "translatedtext": "マヨット",
      "token": "YT"
    },
    {
      "code": "136",
      "text": "Mexico",
      "translatedtext": "メキシコ",
      "token": "MX"
    },
    {
      "code": "137",
      "text": "Moldova",
      "translatedtext": "モルドバ",
      "token": "MD"
    },
    {
      "code": "138",
      "text": "Monaco",
      "translatedtext": "モナコ",
      "token": "MC"
    },
    {
      "code": "139",
      "text": "Mongolia",
      "translatedtext": "モンゴル",
      "token": "MN"
    },
    {
      "code": "140",
      "text": "Montserrat",
      "translatedtext": "モントセラト",
      "token": "MS"
    },
    {
      "code": "141",
      "text": "Morocco",
      "translatedtext": "モロッコ",
      "token": "MA"
    },
    {
      "code": "142",
      "text": "Mozambique",
      "translatedtext": "モザンビーク",
      "token": "MZ"
    },
    {
      "code": "143",
      "text": "Namibia",
      "translatedtext": "ナミビア",
      "token": "NA"
    },
    {
      "code": "144",
      "text": "Nauru",
      "translatedtext": "ナウル",
      "token": "NR"
    },
    {
      "code": "145",
      "text": "Nepal",
      "translatedtext": "ネパール",
      "token": "NP"
    },
    {
      "code": "146",
      "text": "Netherlands",
      "translatedtext": "オランダ",
      "token": "NL"
    },
    {
      "code": "147",
      "text": "Netherlands Antilles",
      "translatedtext": "オランダ領アンティル",
      "token": "AN"
    },
    {
      "code": "148",
      "text": "New Caledonia",
      "translatedtext": "ニューカレドニア",
      "token": "NC"
    },
    {
      "code": "149",
      "text": "New Zealand",
      "translatedtext": "ニュージーランド",
      "token": "NZ"
    },
    {
      "code": "150",
      "text": "Nicaragua",
      "translatedtext": "ニカラグア",
      "token": "NI"
    },
    {
      "code": "151",
      "text": "Niger",
      "translatedtext": "ニジェール",
      "token": "NE"
    },
    {
      "code": "152",
      "text": "Nigeria",
      "translatedtext": "ナイジェリア",
      "token": "NG"
    },
    {
      "code": "153",
      "text": "Niue",
      "translatedtext": "ニウエ",
      "token": "NU"
    },
    {
      "code": "154",
      "text": "Norway",
      "translatedtext": "ノルウェー",
      "token": "NO"
    },
    {
      "code": "155",
      "text": "Oman",
      "translatedtext": "オマーン",
      "token": "OM"
    },
    {
      "code": "156",
      "text": "Pakistan",
      "translatedtext": "パキスタン",
      "token": "PK"
    },
    {
      "code": "157",
      "text": "Palau",
      "translatedtext": "パラオ",
      "token": "PW"
    },
    {
      "code": "158",
      "text": "Panama",
      "translatedtext": "パナマ",
      "token": "PA"
    },
    {
      "code": "159",
      "text": "Papua New Guinea",
      "translatedtext": "パプアニューギニア",
      "token": "PG"
    },
    {
      "code": "160",
      "text": "Paraguay",
      "translatedtext": "パラグアイ",
      "token": "PY"
    },
    {
      "code": "161",
      "text": "Peru",
      "translatedtext": "ペルー",
      "token": "PE"
    },
    {
      "code": "162",
      "text": "Philippines",
      "translatedtext": "フィリピン",
      "token": "PH"
    },
    {
      "code": "163",
      "text": "Poland",
      "translatedtext": "ポーランド",
      "token": "PL"
    },
    {
      "code": "164",
      "text": "Portugal",
      "translatedtext": "ポルトガル",
      "token": "PT"
    },
    {
      "code": "165",
      "text": "Puerto Rico",
      "translatedtext": "プエルトリコ",
      "token": "PR"
    },
    {
      "code": "166",
      "text": "Qatar",
      "translatedtext": "カタール",
      "token": "QA"
    },
    {
      "code": "167",
      "text": "Romania",
      "translatedtext": "ルーマニア",
      "token": "RO"
    },
    {
      "code": "168",
      "text": "Russian Federation",
      "translatedtext": "ロシア",
      "token": "RU"
    },
    {
      "code": "169",
      "text": "Rwanda",
      "translatedtext": "ルワンダ",
      "token": "RW"
    },
    {
      "code": "170",
      "text": "Saint Helena",
      "translatedtext": "セントヘレナ",
      "token": "SH"
    },
    {
      "code": "171",
      "text": "Saint Kitts-Nevis",
      "translatedtext": "セントクリストファー・ネイビス",
      "token": "KN"
    },
    {
      "code": "172",
      "text": "Saint Lucia",
      "translatedtext": "セントルシア",
      "token": "LC"
    },
    {
      "code": "173",
      "text": "Saint Pierre and Miquelon",
      "translatedtext": "サンピエール島・ミクロン島",
      "token": "PM"
    },
    {
      "code": "174",
      "text": "Saint Vincent and the Grenadines",
      "translatedtext": "セントビンセントおよびグレナディーン諸島",
      "token": "VC"
    },
    {
      "code": "175",
      "text": "San Marino",
      "translatedtext": "サンマリノ",
      "token": "SM"
    },
    {
      "code": "176",
      "text": "Saudi Arabia",
      "translatedtext": "サウジアラビア",
      "token": "SA"
    },
    {
      "code": "177",
      "text": "Senegal",
      "translatedtext": "セネガル",
      "token": "SN"
    },
    {
      "code": "178",
      "text": "Seychelles",
      "translatedtext": "セイシェル",
      "token": "SC"
    },
    {
      "code": "179",
      "text": "Sierra Leone",
      "translatedtext": "シエラレオネ",
      "token": "SL"
    },
    {
      "code": "180",
      "text": "Singapore",
      "translatedtext": "シンガポール",
      "token": "SG"
    },
    {
      "code": "181",
      "text": "Slovakia",
      "translatedtext": "スロバキア",
      "token": "SK"
    },
    {
      "code": "182",
      "text": "Slovenia",
      "translatedtext": "スロベニア",
      "token": "SI"
    },
    {
      "code": "183",
      "text": "Solomon Islands",
      "translatedtext": "ソロモン諸島",
      "token": "SB"
    },
    {
      "code": "184",
      "text": "Somalia",
      "translatedtext": "ソマリア",
      "token": "SO"
    },
    {
      "code": "185",
      "text": "South Africa",
      "translatedtext": "南アフリカ",
      "token": "ZA"
    },
    {
      "code": "186",
      "text": "Spain",
      "translatedtext": "スペイン",
      "token": "ES"
    },
    {
      "code": "187",
      "text": "Sri Lanka",
      "translatedtext": "スリランカ",
      "token": "LK"
    },
    {
      "code": "188",
      "text": "Sudan",
      "translatedtext": "スーダン",
      "token": "SD"
    },
    {
      "code": "189",
      "text": "Suriname",
      "translatedtext": "スリナム",
      "token": "SR"
    },
    {
      "code": "190",
      "text": "Svalbard",
      "translatedtext": "スヴァールバル",
      "token": "SJ"
    },
    {
      "code": "191",
      "text": "Swaziland",
      "translatedtext": "スワジランド",
      "token": "SZ"
    },
    {
      "code": "192",
      "text": "Sweden",
      "translatedtext": "スウェーデン",
      "token": "SE"
    },
    {
      "code": "193",
      "text": "Switzerland",
      "translatedtext": "スイス",
      "token": "CH"
    },
    {
      "code": "194",
      "text": "Syrian Arab Republic",
      "translatedtext": "シリア・アラブ共和国",
      "token": "SY"
    },
    {
      "code": "195",
      "text": "Tahiti",
      "translatedtext": "タヒチ",
      "token": "TA"
    },
    {
      "code": "196",
      "text": "Taiwan",
      "translatedtext": "台湾",
      "token": "TW"
    },
    {
      "code": "197",
      "text": "Tajikistan",
      "translatedtext": "タジキスタン",
      "token": "TJ"
    },
    {
      "code": "198",
      "text": "Tanzania",
      "translatedtext": "タンザニア",
      "token": "TZ"
    },
    {
      "code": "199",
      "text": "Thailand",
      "translatedtext": "タイ",
      "token": "TH"
    },
    {
      "code": "200",
      "text": "Togo",
      "translatedtext": "トーゴ",
      "token": "TG"
    },
    {
      "code": "201",
      "text": "Tonga",
      "translatedtext": "トンガ",
      "token": "TO"
    },
    {
      "code": "202",
      "text": "Trinidad and Tobago",
      "translatedtext": "トリニダード・トバゴ",
      "token": "TT"
    },
    {
      "code": "203",
      "text": "Tunisia",
      "translatedtext": "チュニジア",
      "token": "TN"
    },
    {
      "code": "204",
      "text": "Turkey",
      "translatedtext": "トルコ",
      "token": "TR"
    },
    {
      "code": "205",
      "text": "Turkmenistan",
      "translatedtext": "トルクメニスタン",
      "token": "TM"
    },
    {
      "code": "206",
      "text": "Turks and Caicos Islands",
      "translatedtext": "タークス・カイコス諸島",
      "token": "TC"
    },
    {
      "code": "207",
      "text": "Tuvalu",
      "translatedtext": "ツバル",
      "token": "TV"
    },
    {
      "code": "208",
      "text": "Uganda",
      "translatedtext": "ウガンダ",
      "token": "UG"
    },
    {
      "code": "209",
      "text": "Ukraine",
      "translatedtext": "ウクライナ",
      "token": "UA"
    },
    {
      "code": "210",
      "text": "United Arab Emirates",
      "translatedtext": "アラブ首長国連邦",
      "token": "AE"
    },
    {
      "code": "211",
      "text": "Uruguay",
      "translatedtext": "ウルグアイ",
      "token": "UY"
    },
    {
      "code": "212",
      "text": "Uzbekistan",
      "translatedtext": "ウズベキスタン",
      "token": "UZ"
    },
    {
      "code": "213",
      "text": "Vanuatu",
      "translatedtext": "バヌアツ",
      "token": "VU"
    },
    {
      "code": "214",
      "text": "Vatican City State",
      "translatedtext": "バチカン市国",
      "token": "VA"
    },
    {
      "code": "215",
      "text": "Venezuela",
      "translatedtext": "ベネズエラ",
      "token": "VE"
    },
    {
      "code": "216",
      "text": "Vietnam",
      "translatedtext": "ベトナム",
      "token": "VN"
    },
    {
      "code": "217",
      "text": "Virgin Islands (U.S.)",
      "translatedtext": "バージン諸島（米国）",
      "token": "VI"
    },
    {
      "code": "218",
      "text": "Wallis and Futuna",
      "translatedtext": "ウォリス・フツナ",
      "token": "WF"
    },
    {
      "code": "219",
      "text": "Western Sahara",
      "translatedtext": "西サハラ",
      "token": "EH"
    },
    {
      "code": "220",
      "text": "Western Samoa",
      "translatedtext": "西サモア",
      "token": "WS"
    },
    {
      "code": "221",
      "text": "Yemen",
      "translatedtext": "イエメン",
      "token": "YE"
    },
    {
      "code": "223",
      "text": "Zambia",
      "translatedtext": "ザンビア",
      "token": "ZM"
    },
    {
      "code": "224",
      "text": "Zimbabwe",
      "translatedtext": "ジンバブエ",
      "token": "ZW"
    },
    {
      "code": "225",
      "text": "APO/FPO/DPO",
      "translatedtext": "APO/FPO/DPO",
      "token": "AP"
    },
    {
      "code": "226",
      "text": "Micronesia",
      "translatedtext": "ミクロネシア連邦",
      "token": "FM"
    },
    {
      "code": "227",
      "text": "Reunion",
      "translatedtext": "レユニオン",
      "token": "RE"
    },
    {
      "code": "228",
      "text": "Montenegro",
      "translatedtext": "モンテネグロ",
      "token": "ME"
    },
    {
      "code": "229",
      "text": "Serbia",
      "translatedtext": "セルビア",
      "token": "RS"
    },
    {
      "code": "4007",
      "text": "Curacao",
      "translatedtext": "キュラソー",
      "token": "CW"
    },
    {
      "code": "4019",
      "text": "Palestine",
      "translatedtext": "パレスチナ",
      "token": "PS"
    },
    {
      "code": "4024",
      "text": "Timor-Leste",
      "translatedtext": "東ティモール",
      "token": "TL"
    },
    {
      "code": "4026",
      "text": "Kosovo",
      "translatedtext": "コソボ",
      "token": "XK"
    }
  ]
}