{"states":[{"code":"92","token":"HK","text":"Hong Kong","translatedtext":"香港"}],"countries":[{"code":"92","token":"HK","text":"Hong Kong","translatedtext":"香港"},{"code":"1","token":"US","text":"United States","translatedtext":"美國"},{"code":"225","token":"AP","text":"APO/FPO","translatedtext":"美國海陸軍臨時郵局"},{"code":"2","token":"CA","text":"Canada","translatedtext":"加拿大"},{"code":"3","token":"GB","text":"United Kingdom","translatedtext":"英國"},{"code":"4","token":"AF","text":"Afghanistan","translatedtext":"阿富汗"},{"code":"5","token":"AL","text":"Albania","translatedtext":"阿爾巴尼亞"},{"code":"6","token":"DZ","text":"Algeria","translatedtext":"阿爾及利亞"},{"code":"7","token":"AS","text":"American Samoa","translatedtext":"美屬薩摩亞群島"},{"code":"8","token":"AD","text":"Andorra","translatedtext":"安道爾"},{"code":"9","token":"AO","text":"Angola","translatedtext":"安哥拉"},{"code":"10","token":"AI","text":"Anguilla","translatedtext":"安圭拉島"},{"code":"11","token":"AG","text":"Antigua and Barbuda","translatedtext":"安提瓜和巴布達"},{"code":"12","token":"AR","text":"Argentina","translatedtext":"阿根廷"},{"code":"13","token":"AM","text":"Armenia","translatedtext":"亞美利亞"},{"code":"14","token":"AW","text":"Aruba","translatedtext":"阿魯巴島"},{"code":"15","token":"AU","text":"Australia","translatedtext":"澳洲"},{"code":"16","token":"AT","text":"Austria","translatedtext":"奧地利"},{"code":"17","token":"AZ","text":"Azerbaijan Republic","translatedtext":"阿塞拜彊共和國"},{"code":"18","token":"BS","text":"Bahamas","translatedtext":"巴哈馬"},{"code":"19","token":"BH","text":"Bahrain","translatedtext":"巴林"},{"code":"20","token":"BD","text":"Bangladesh","translatedtext":"孟加拉"},{"code":"21","token":"BB","text":"Barbados","translatedtext":"巴巴多斯"},{"code":"22","token":"BY","text":"Belarus","translatedtext":"白俄羅斯"},{"code":"23","token":"BE","text":"Belgium","translatedtext":"比利時"},{"code":"24","token":"BZ","text":"Belize","translatedtext":"伯利玆"},{"code":"25","token":"BJ","text":"Benin","translatedtext":"貝寧"},{"code":"26","token":"BM","text":"Bermuda","translatedtext":"百慕達"},{"code":"27","token":"BT","text":"Bhutan","translatedtext":"不丹"},{"code":"28","token":"BO","text":"Bolivia","translatedtext":"玻利維亞"},{"code":"29","token":"BA","text":"Bosnia and Herzegovina","translatedtext":"波斯尼亞及黑塞哥維那"},{"code":"30","token":"BW","text":"Botswana","translatedtext":"博茨瓦納"},{"code":"31","token":"BR","text":"Brazil","translatedtext":"巴西"},{"code":"32","token":"IO","text":"British Virgin Islands","translatedtext":"英屬處女群島"},{"code":"33","token":"BN","text":"Brunei Darussalam","translatedtext":"汶萊"},{"code":"34","token":"BG","text":"Bulgaria","translatedtext":"保加利亞"},{"code":"35","token":"BF","text":"Burkina Faso","translatedtext":"布基納法索"},{"code":"37","token":"BI","text":"Burundi","translatedtext":"布隆迪"},{"code":"38","token":"KH","text":"Cambodia","translatedtext":"柬埔寨"},{"code":"39","token":"CM","text":"Cameroon","translatedtext":"喀麥隆"},{"code":"2","token":"CA","text":"Canada","translatedtext":"加拿大"},{"code":"40","token":"CV","text":"Cape Verde Islands","translatedtext":"彿得角群島"},{"code":"41","token":"KY","text":"Cayman Islands","translatedtext":"開曼群島"},{"code":"42","token":"CF","text":"Central African Republic","translatedtext":"中非共和國"},{"code":"43","token":"TD","text":"Chad","translatedtext":"乍得"},{"code":"44","token":"CL","text":"Chile","translatedtext":"智利"},{"code":"45","token":"CN","text":"China","translatedtext":"中國"},{"code":"46","token":"CO","text":"Colombia","translatedtext":"哥倫比亞"},{"code":"47","token":"KM","text":"Comoros","translatedtext":"葛摩"},{"code":"48","token":"CD","text":"Congo, Democratic Republic of the","translatedtext":"剛果民主共和國"},{"code":"49","token":"CG","text":"Congo, Republic of the","translatedtext":"剛果共和國"},{"code":"50","token":"CK","text":"Cook Islands","translatedtext":"庫克群島"},{"code":"51","token":"CR","text":"Costa Rica","translatedtext":"哥斯達黎加"},{"code":"52","token":"CI","text":"Cote d Ivoire (Ivory Coast)","translatedtext":"象牙海岸"},{"code":"53","token":"HR","text":"Croatia, Republic of","translatedtext":"克羅地亞"},{"code":"55","token":"CY","text":"Cyprus","translatedtext":"塞浦路斯"},{"code":"56","token":"CZ","text":"Czech Republic","translatedtext":"捷克共和國"},{"code":"57","token":"DK","text":"Denmark","translatedtext":"丹麥"},{"code":"58","token":"DJ","text":"Djibouti","translatedtext":"吉布提"},{"code":"59","token":"DM","text":"Dominica","translatedtext":"多明尼加"},{"code":"60","token":"DO","text":"Dominican Republic","translatedtext":"多明尼加共和國"},{"code":"61","token":"EC","text":"Ecuador","translatedtext":"厄瓜多爾"},{"code":"62","token":"EG","text":"Egypt","translatedtext":"埃及"},{"code":"63","token":"SV","text":"El Salvador","translatedtext":"薩爾瓦多"},{"code":"64","token":"GQ","text":"Equatorial Guinea","translatedtext":"赤道畿內亞"},{"code":"65","token":"ER","text":"Eritrea","translatedtext":"厄立特里亞"},{"code":"66","token":"EE","text":"Estonia","translatedtext":"愛沙尼亞"},{"code":"67","token":"ET","text":"Ethiopia","translatedtext":"埃塞俄比亞"},{"code":"68","token":"FK","text":"Falkland Islands (Islas Malvinas)","translatedtext":"福克蘭群島"},{"code":"69","token":"FJ","text":"Fiji","translatedtext":"斐濟群島"},{"code":"70","token":"FI","text":"Finland","translatedtext":"芬蘭"},{"code":"71","token":"FR","text":"France","translatedtext":"法國"},{"code":"72","token":"GF","text":"French Guiana","translatedtext":"法屬圭亞那"},{"code":"73","token":"FP","text":"French Polynesia","translatedtext":"法屬波利尼西亞"},{"code":"74","token":"GA","text":"Gabon Republic","translatedtext":"加蓬共和國"},{"code":"75","token":"GM","text":"Gambia","translatedtext":"岡比亞"},{"code":"76","token":"GE","text":"Georgia","translatedtext":"格魯吉亞"},{"code":"77","token":"DE","text":"Germany","translatedtext":"德國"},{"code":"78","token":"GH","text":"Ghana","translatedtext":"加納"},{"code":"79","token":"GI","text":"Gibraltar","translatedtext":"直布羅陀"},{"code":"80","token":"GR","text":"Greece","translatedtext":"希臘"},{"code":"81","token":"GL","text":"Greenland","translatedtext":"格陵蘭"},{"code":"82","token":"GD","text":"Grenada","translatedtext":"格林納達"},{"code":"83","token":"GP","text":"Guadeloupe","translatedtext":"瓜德羅普"},{"code":"84","token":"GU","text":"Guam","translatedtext":"關島"},{"code":"85","token":"GT","text":"Guatemala","translatedtext":"危地馬拉"},{"code":"86","token":"GK","text":"Guernsey","translatedtext":"根西島"},{"code":"87","token":"GN","text":"Guinea","translatedtext":"畿內亞"},{"code":"88","token":"GW","text":"Guinea-Bissau","translatedtext":"畿內亞比紹"},{"code":"89","token":"GY","text":"Guyana","translatedtext":"圭亞那"},{"code":"90","token":"HT","text":"Haiti","translatedtext":"海地"},{"code":"91","token":"HN","text":"Honduras","translatedtext":"洪都拉斯"},{"code":"93","token":"HU","text":"Hungary","translatedtext":"匈牙利"},{"code":"94","token":"IS","text":"Iceland","translatedtext":"冰島"},{"code":"95","token":"IN","text":"India","translatedtext":"印度"},{"code":"96","token":"ID","text":"Indonesia","translatedtext":"印尼"},{"code":"99","token":"IE","text":"Ireland","translatedtext":"愛爾蘭"},{"code":"100","token":"IL","text":"Israel","translatedtext":"以色列"},{"code":"101","token":"IT","text":"Italy","translatedtext":"意大利"},{"code":"102","token":"JM","text":"Jamaica","translatedtext":"牙買加"},{"code":"103","token":"JN","text":"Jan Mayen","translatedtext":"揚馬延島"},{"code":"104","token":"JP","text":"Japan","translatedtext":"日本"},{"code":"105","token":"JE","text":"Jersey","translatedtext":"澤西島"},{"code":"106","token":"JO","text":"Jordan","translatedtext":"約旦"},{"code":"107","token":"KZ","text":"Kazakhstan","translatedtext":"哈薩克斯坦"},{"code":"108","token":"KE","text":"Kenya Coast Republic","translatedtext":"肯尼亞共和國"},{"code":"109","token":"KI","text":"Kiribati","translatedtext":"基里巴斯"},{"code":"111","token":"KR","text":"Korea, South","translatedtext":"南韓"},{"code":"112","token":"KW","text":"Kuwait","translatedtext":"科威特"},{"code":"113","token":"KG","text":"Kyrgyzstan","translatedtext":"吉爾吉斯"},{"code":"114","token":"LA","text":"Laos","translatedtext":"老撾"},{"code":"115","token":"LV","text":"Latvia","translatedtext":"拉脫維亞"},{"code":"116","token":"LB","text":"Lebanon","translatedtext":"黎巴嫩"},{"code":"120","token":"LI","text":"Liechtenstein","translatedtext":"列支敦士登"},{"code":"121","token":"LT","text":"Lithuania","translatedtext":"立陶宛"},{"code":"122","token":"LU","text":"Luxembourg","translatedtext":"盧森堡"},{"code":"123","token":"MO","text":"Macau","translatedtext":"澳門"},{"code":"124","token":"MK","text":"Macedonia","translatedtext":"馬其頓"},{"code":"125","token":"MG","text":"Madagascar","translatedtext":"馬達加斯加"},{"code":"126","token":"MW","text":"Malawi","translatedtext":"馬拉維"},{"code":"127","token":"MY","text":"Malaysia","translatedtext":"馬來西亞"},{"code":"128","token":"MV","text":"Maldives","translatedtext":"馬爾代夫"},{"code":"129","token":"ML","text":"Mali","translatedtext":"馬里"},{"code":"130","token":"MT","text":"Malta","translatedtext":"馬爾他"},{"code":"131","token":"MH","text":"Marshall Islands","translatedtext":"馬紹爾群島"},{"code":"132","token":"MQ","text":"Martinique","translatedtext":"馬提尼克島"},{"code":"133","token":"MR","text":"Mauritania","translatedtext":"毛里塔尼亞"},{"code":"134","token":"MU","text":"Mauritius","translatedtext":"毛里裘斯"},{"code":"135","token":"YT","text":"Mayotte","translatedtext":"馬約特"},{"code":"136","token":"MX","text":"Mexico","translatedtext":"墨西哥"},{"code":"226","token":"FM","text":"Micronesia","translatedtext":"密克羅尼西亞"},{"code":"137","token":"MD","text":"Moldova","translatedtext":"摩爾多瓦"},{"code":"138","token":"MC","text":"Monaco","translatedtext":"摩納哥"},{"code":"139","token":"MN","text":"Mongolia","translatedtext":"蒙古"},{"code":"228","token":"ME","text":"Montenegro","translatedtext":"黑山共和國"},{"code":"140","token":"MS","text":"Montserrat","translatedtext":"蒙塞拉特"},{"code":"141","token":"MA","text":"Morocco","translatedtext":"摩洛哥"},{"code":"142","token":"MZ","text":"Mozambique","translatedtext":"莫桑比克"},{"code":"143","token":"NA","text":"Namibia","translatedtext":"納米比亞"},{"code":"144","token":"NR","text":"Nauru","translatedtext":"瑙魯"},{"code":"145","token":"NP","text":"Nepal","translatedtext":"尼泊爾"},{"code":"146","token":"NL","text":"Netherlands","translatedtext":"荷蘭"},{"code":"147","token":"AN","text":"Netherlands Antilles","translatedtext":"荷屬安的列斯"},{"code":"148","token":"NC","text":"New Caledonia","translatedtext":"新喀里多尼亞"},{"code":"149","token":"NZ","text":"New Zealand","translatedtext":"新西蘭"},{"code":"150","token":"NI","text":"Nicaragua","translatedtext":"尼加拉瓜"},{"code":"151","token":"NE","text":"Niger","translatedtext":"尼日爾"},{"code":"152","token":"NG","text":"Nigeria","translatedtext":"尼日利亞"},{"code":"153","token":"NU","text":"Niue","translatedtext":"紐埃島"},{"code":"154","token":"NO","text":"Norway","translatedtext":"挪威"},{"code":"155","token":"OM","text":"Oman","translatedtext":"阿曼"},{"code":"156","token":"PK","text":"Pakistan","translatedtext":"巴基斯坦"},{"code":"157","token":"PW","text":"Palau","translatedtext":"帛琉"},{"code":"158","token":"PA","text":"Panama","translatedtext":"巴拿馬"},{"code":"159","token":"PG","text":"Papua New Guinea","translatedtext":"巴布亞新畿內亞"},{"code":"160","token":"PY","text":"Paraguay","translatedtext":"巴拉圭"},{"code":"161","token":"PE","text":"Peru","translatedtext":"秘魯"},{"code":"162","token":"PH","text":"Philippines","translatedtext":"菲律賓"},{"code":"163","token":"PL","text":"Poland","translatedtext":"波蘭"},{"code":"164","token":"PT","text":"Portugal","translatedtext":"葡萄牙"},{"code":"165","token":"PR","text":"Puerto Rico","translatedtext":"波多黎各"},{"code":"166","token":"QA","text":"Qatar","translatedtext":"卡塔爾"},{"code":"167","token":"RO","text":"Romania","translatedtext":"羅馬尼亞"},{"code":"168","token":"RU","text":"Russian Federation","translatedtext":"俄羅斯聯邦"},{"code":"169","token":"RW","text":"Rwanda","translatedtext":"盧旺達"},{"code":"170","token":"SH","text":"Saint Helena","translatedtext":"聖赫勒拿島"},{"code":"171","token":"KN","text":"Saint Kitts-Nevis","translatedtext":"聖基茨-尼維斯安圭拉島"},{"code":"172","token":"LC","text":"Saint Lucia","translatedtext":"聖盧西亞"},{"code":"173","token":"PM","text":"Saint Pierre and Miquelon","translatedtext":"聖皮埃爾及密克隆島"},{"code":"174","token":"VC","text":"Saint Vincent and the Grenadines","translatedtext":"聖文森特及格林納丁斯"},{"code":"175","token":"SM","text":"San Marino","translatedtext":"聖馬力諾"},{"code":"176","token":"SA","text":"Saudi Arabia","translatedtext":"沙地阿拉伯"},{"code":"177","token":"SN","text":"Senegal","translatedtext":"塞內加爾"},{"code":"229","token":"RS","text":"Serbia","translatedtext":"塞爾維亞"},{"code":"178","token":"SC","text":"Seychelles","translatedtext":"塞舌爾"},{"code":"179","token":"SL","text":"Sierra Leone","translatedtext":"塞拉利昂"},{"code":"180","token":"SG","text":"Singapore","translatedtext":"新加坡"},{"code":"181","token":"SK","text":"Slovakia","translatedtext":"斯洛伐克"},{"code":"182","token":"SI","text":"Slovenia","translatedtext":"斯洛文尼亞"},{"code":"183","token":"SB","text":"Solomon Islands","translatedtext":"所羅門群島"},{"code":"184","token":"SO","text":"Somalia","translatedtext":"索馬里"},{"code":"185","token":"ZA","text":"South Africa","translatedtext":"南非"},{"code":"186","token":"ES","text":"Spain","translatedtext":"西班牙"},{"code":"187","token":"LK","text":"Sri Lanka","translatedtext":"斯里蘭卡"},{"code":"189","token":"SR","text":"Suriname","translatedtext":"蘇里南"},{"code":"190","token":"SJ","text":"Svalbard","translatedtext":"斯瓦爾巴群島"},{"code":"191","token":"SZ","text":"Swaziland","translatedtext":"斯威士蘭"},{"code":"192","token":"SE","text":"Sweden","translatedtext":"瑞典"},{"code":"193","token":"CH","text":"Switzerland","translatedtext":"瑞士"},{"code":"195","token":"TA","text":"Tahiti","translatedtext":"大溪地"},{"code":"196","token":"TW","text":"Taiwan","translatedtext":"台灣"},{"code":"197","token":"TJ","text":"Tajikistan","translatedtext":"塔吉克"},{"code":"198","token":"TZ","text":"Tanzania","translatedtext":"坦桑尼亞"},{"code":"199","token":"TH","text":"Thailand","translatedtext":"泰國"},{"code":"200","token":"TG","text":"Togo","translatedtext":"多哥"},{"code":"201","token":"TO","text":"Tonga","translatedtext":"湯加"},{"code":"202","token":"TT","text":"Trinidad and Tobago","translatedtext":"特立尼達及多巴哥"},{"code":"203","token":"TN","text":"Tunisia","translatedtext":"突尼斯"},{"code":"204","token":"TR","text":"Turkey","translatedtext":"土耳其"},{"code":"205","token":"TM","text":"Turkmenistan","translatedtext":"土庫曼"},{"code":"206","token":"TC","text":"Turks and Caicos Islands","translatedtext":"特克斯和凱科斯群島"},{"code":"207","token":"TV","text":"Tuvalu","translatedtext":"圖瓦盧"},{"code":"208","token":"UG","text":"Uganda","translatedtext":"烏干達"},{"code":"209","token":"UA","text":"Ukraine","translatedtext":"烏克蘭"},{"code":"210","token":"AE","text":"United Arab Emirates","translatedtext":"阿拉伯聯合酋長國"},{"code":"3","token":"GB","text":"United Kingdom","translatedtext":"英國"},{"code":"1","token":"US","text":"United States","translatedtext":"美國"},{"code":"211","token":"UY","text":"Uruguay","translatedtext":"烏拉圭"},{"code":"212","token":"UZ","text":"Uzbekistan","translatedtext":"烏茲別克"},{"code":"213","token":"VU","text":"Vanuatu","translatedtext":"瓦努阿圖"},{"code":"214","token":"VA","text":"Vatican City State","translatedtext":"梵蒂岡"},{"code":"215","token":"VE","text":"Venezuela","translatedtext":"委內瑞拉"},{"code":"216","token":"VN","text":"Vietnam","translatedtext":"越南"},{"code":"217","token":"VI","text":"Virgin Islands (U.S.)","translatedtext":"美屬處女群島"},{"code":"218","token":"WF","text":"Wallis and Futuna","translatedtext":"瓦利斯及富圖納"},{"code":"219","token":"EH","text":"Western Sahara","translatedtext":"西撒哈拉"},{"code":"220","token":"WS","text":"Western Samoa","translatedtext":"西薩摩亞"},{"code":"221","token":"YE","text":"Yemen","translatedtext":"也門"},{"code":"223","token":"ZM","text":"Zambia","translatedtext":"贊比亞"},{"code":"224","token":"ZW","text":"Zimbabwe","translatedtext":"津巴布韋"}]}